그로스팀_처리상태,그로스팀_담당자,그로스팀_수정완료일,그로스팀_실제_campaign_alias,그로스팀_비고,문제유형,문제사유,권장조치,오늘광고비_KRW,오늘노출,오늘클릭,캠페인명,캠페인ID,광고세트명,광고세트ID,광고명,광고ID,광고상태,effective_status,현재_랜딩URL_요약,현재_url_tags,현재_utm_source,현재_utm_medium,현재_utm_campaign,현재_utm_term,현재_utm_content,현재_utm_id,현재_campaign_alias,현재_meta_campaign_id,현재_meta_adset_id,현재_meta_ad_id,권장_URL_파라미터_고정ID,Codex_추천_campaign_alias
,,,,,P1_UTM누락,광고 소재/랜딩에서 UTM 또는 campaign_alias를 확인할 수 없음,URL 파라미터 또는 랜딩 URL에 Meta UTM/광고 ID/고유 별칭 추가,112346,4942,84,[바이오컴] 종합대사기능검사 전환캠페인(11/4~) - 사본,120237452088280396,종합대사기능검사 - 사본,120237452088100396,[연뜰살뜰x음과검종대사] 26.2.12-18 스토리,120240969187000396,ACTIVE,ACTIVE,www.instagram.com/p/DUo4buxjD3k/,,,,,,,,,,,,utm_source=meta&utm_medium=paid_social&utm_campaign=120237452088280396&utm_term=120237452088100396&utm_content=120240969187000396&utm_id=120237452088280396&campaign_alias=meta_biocom_연뜰살뜰x음과검종대사_26_2_12_18_스토리&meta_campaign_id=120237452088280396&meta_adset_id=120237452088100396&meta_ad_id=120240969187000396,meta_biocom_연뜰살뜰x음과검종대사_26_2_12_18_스토리
,,,,,P1_UTM누락,광고 소재/랜딩에서 UTM 또는 campaign_alias를 확인할 수 없음,URL 파라미터 또는 랜딩 URL에 Meta UTM/광고 ID/고유 별칭 추가,107926,3308,115,[바이오컴] 음식물 과민증 검사 어드밴티지+캠페인(251020),120235591897270396,음식물과민증검사_관심타겟_어드밴티지+,120235591897230396,[연뜰살뜰x음과검] 2차공구 - 사본,120237783487450396,ACTIVE,ACTIVE,www.instagram.com/p/DRiPe8zjAxp/,,,,,,,,,,,,utm_source=meta&utm_medium=paid_social&utm_campaign=120235591897270396&utm_term=120235591897230396&utm_content=120237783487450396&utm_id=120235591897270396&campaign_alias=meta_biocom_연뜰살뜰x음과검_2차공구_사본&meta_campaign_id=120235591897270396&meta_adset_id=120235591897230396&meta_ad_id=120237783487450396,meta_biocom_연뜰살뜰x음과검_2차공구_사본
,,,,,P1_UTM누락,광고 소재/랜딩에서 UTM 또는 campaign_alias를 확인할 수 없음,URL 파라미터 또는 랜딩 URL에 Meta UTM/광고 ID/고유 별칭 추가,78774,4966,189,공동구매 인플루언서 파트너 광고 모음_3 (260323),120242626179290396,인플루언서 공동구매 파트너 광고,120242626179270396,[송율x음과검] 04.08-04.15,120243537994960396,PAUSED,PAUSED,www.instagram.com/p/DGPGWn0sARs/,,,,,,,,,,,,utm_source=meta&utm_medium=paid_social&utm_campaign=120242626179290396&utm_term=120242626179270396&utm_content=120243537994960396&utm_id=120242626179290396&campaign_alias=meta_biocom_송율x음과검_04_08_04_15&meta_campaign_id=120242626179290396&meta_adset_id=120242626179270396&meta_ad_id=120243537994960396,meta_biocom_송율x음과검_04_08_04_15
,,,,,P0_동적값미치환_광고별칭템플릿,URL 파라미터에 {{campaign.id}} 또는 meta_biocom_광고별칭이 그대로 있음,URL 파라미터 위치 확인 후 숫자 ID 고정값 또는 정상 치환값으로 교체,69592,3649,109,meta_biocom_influencer_260506,120245003319500396,meta_biocom_iiari_260518,120245700952890396,meta_biocom_iiari_Igg_260518,120245701139440396,ACTIVE,ACTIVE,www.instagram.com/p/DS347PzjJlX/,utm_source=meta&utm_medium=paid_social&utm_campaign={{campaign.id}}&utm_term={{adset.id}}&utm_content={{ad.id}}&utm_id={{campaign.id}}&campaign_alias=meta_biocom_광고별칭&meta_campaign_id={{campaign.id}}&meta_adset_id={{adset.id}}&meta_ad_id={{ad.id}}&meta_site_source={{site_source_name}}&meta_placement={{placement}},meta,paid_social,{{campaign.id}},{{adset.id}},{{ad.id}},{{campaign.id}},meta_biocom_광고별칭,{{campaign.id}},{{adset.id}},{{ad.id}},utm_source=meta&utm_medium=paid_social&utm_campaign=120245003319500396&utm_term=120245700952890396&utm_content=120245701139440396&utm_id=120245003319500396&campaign_alias=meta_biocom_meta_biocom_iiari_igg_260518&meta_campaign_id=120245003319500396&meta_adset_id=120245700952890396&meta_ad_id=120245701139440396,meta_biocom_meta_biocom_iiari_igg_260518
,,,,,P1_UTM누락,광고 소재/랜딩에서 UTM 또는 campaign_alias를 확인할 수 없음,URL 파라미터 또는 랜딩 URL에 Meta UTM/광고 ID/고유 별칭 추가,55023,3754,104,[바이오컴] 음식물 과민증 검사 전환캠페인(10/14~),120213362391690396,음식물과민증검사_관심타겟,120213362391830396,[염증청소뿌X음과검] 상시릴스 1 - 사본,120235776731190396,ACTIVE,ACTIVE,www.instagram.com/p/DQJUMr9jPbN/,,,,,,,,,,,,utm_source=meta&utm_medium=paid_social&utm_campaign=120213362391690396&utm_term=120213362391830396&utm_content=120235776731190396&utm_id=120213362391690396&campaign_alias=meta_biocom_염증청소뿌x음과검_상시릴스_1_사본&meta_campaign_id=120213362391690396&meta_adset_id=120213362391830396&meta_ad_id=120235776731190396,meta_biocom_염증청소뿌x음과검_상시릴스_1_사본
,,,,,P1_UTM누락,광고 소재/랜딩에서 UTM 또는 campaign_alias를 확인할 수 없음,URL 파라미터 또는 랜딩 URL에 Meta UTM/광고 ID/고유 별칭 추가,50555,2195,64,[바이오컴] 음식물 과민증 검사 어드밴티지+캠페인(251020),120235591897270396,음식물과민증검사_관심타겟_어드밴티지+,120235591897230396,[연뜰살뜰] 스토리 6,120241010607940396,ACTIVE,ACTIVE,www.instagram.com/p/DUrtwbVjJGa/,,,,,,,,,,,,utm_source=meta&utm_medium=paid_social&utm_campaign=120235591897270396&utm_term=120235591897230396&utm_content=120241010607940396&utm_id=120235591897270396&campaign_alias=meta_biocom_연뜰살뜰_스토리_6&meta_campaign_id=120235591897270396&meta_adset_id=120235591897230396&meta_ad_id=120241010607940396,meta_biocom_연뜰살뜰_스토리_6
,,,,,P0_동적값미치환_광고별칭템플릿,URL 파라미터에 {{campaign.id}} 또는 meta_biocom_광고별칭이 그대로 있음,URL 파라미터 위치 확인 후 숫자 ID 고정값 또는 정상 치환값으로 교체,48924,1890,40,meta_biocom_influencer_260506,120245003319500396,meta_biocom_woo_260506,120245003319520396,meta_biocom_igg_woo_260506,120245003319510396,ACTIVE,ACTIVE,www.instagram.com/p/DX_mXc7jLbw/,utm_source=meta&utm_medium=paid_social&utm_campaign={{campaign.id}}&utm_term={{adset.id}}&utm_content={{ad.id}}&utm_id={{campaign.id}}&campaign_alias=meta_biocom_광고별칭&meta_campaign_id={{campaign.id}}&meta_adset_id={{adset.id}}&meta_ad_id={{ad.id}}&meta_site_source={{site_source_name}}&meta_placement={{placement}},meta,paid_social,{{campaign.id}},{{adset.id}},{{ad.id}},{{campaign.id}},meta_biocom_광고별칭,{{campaign.id}},{{adset.id}},{{ad.id}},utm_source=meta&utm_medium=paid_social&utm_campaign=120245003319500396&utm_term=120245003319520396&utm_content=120245003319510396&utm_id=120245003319500396&campaign_alias=meta_biocom_meta_biocom_igg_woo_260506&meta_campaign_id=120245003319500396&meta_adset_id=120245003319520396&meta_ad_id=120245003319510396,meta_biocom_meta_biocom_igg_woo_260506
,,,,,P1_UTM누락,광고 소재/랜딩에서 UTM 또는 campaign_alias를 확인할 수 없음,URL 파라미터 또는 랜딩 URL에 Meta UTM/광고 ID/고유 별칭 추가,48027,3364,27,[바이오컴] 음식물 과민증 검사 전환캠페인(10/14~),120213362391690396,음식물과민증검사_관심타겟,120213362391830396,[요즘픽X음과검] 상시 게시글 - 사본,120240056812400396,ACTIVE,ACTIVE,www.instagram.com/p/DTbrQl1DFeH/,,,,,,,,,,,,utm_source=meta&utm_medium=paid_social&utm_campaign=120213362391690396&utm_term=120213362391830396&utm_content=120240056812400396&utm_id=120213362391690396&campaign_alias=meta_biocom_요즘픽x음과검_상시_게시글_사본&meta_campaign_id=120213362391690396&meta_adset_id=120213362391830396&meta_ad_id=120240056812400396,meta_biocom_요즘픽x음과검_상시_게시글_사본
,,,,,P0_동적값미치환_광고별칭템플릿,URL 파라미터에 {{campaign.id}} 또는 meta_biocom_광고별칭이 그대로 있음,URL 파라미터 위치 확인 후 숫자 ID 고정값 또는 정상 치환값으로 교체,39757,2139,84,공동구매 인플루언서 파트너 광고 모음_3 (260323),120242626179290396,인플루언서 공동구매 파트너 광고,120242626179270396,[송율x음과검4] 04.08-04.15,120243537994940396,PAUSED,PAUSED,www.instagram.com/p/DH2l37RM8Mw/,utm_source=meta&utm_medium=paid_social&utm_campaign={{campaign.id}}&utm_term={{adset.id}}&utm_content={{ad.id}}&utm_id={{campaign.id}}&campaign_alias=meta_biocom_광고별칭&meta_campaign_id={{campaign.id}}&meta_adset_id={{adset.id}}&meta_ad_id={{ad.id}}&meta_site_source={{site_source_name}}&meta_placement={{placement}},meta,paid_social,{{campaign.id}},{{adset.id}},{{ad.id}},{{campaign.id}},meta_biocom_광고별칭,{{campaign.id}},{{adset.id}},{{ad.id}},utm_source=meta&utm_medium=paid_social&utm_campaign=120242626179290396&utm_term=120242626179270396&utm_content=120243537994940396&utm_id=120242626179290396&campaign_alias=meta_biocom_송율x음과검4_04_08_04_15&meta_campaign_id=120242626179290396&meta_adset_id=120242626179270396&meta_ad_id=120243537994940396,meta_biocom_송율x음과검4_04_08_04_15
,,,,,P0_동적값미치환_광고별칭템플릿,URL 파라미터에 {{campaign.id}} 또는 meta_biocom_광고별칭이 그대로 있음,URL 파라미터 위치 확인 후 숫자 ID 고정값 또는 정상 치환값으로 교체,36689,1059,21,meta_biocom_igg_260504,120244759209860396,meta_biocom_igg_skin_260429,120244759212190396,meta_biocom_igg_skin_TTSreel1_260429,120244759214660396,ACTIVE,ACTIVE,biocom.kr/igg_store/?idx=85 | www.facebook.com/ads/image/ | www.instagram.com/p/DYBqrxVjJto/,utm_source=meta&utm_medium=paid_social&utm_campaign={{campaign.id}}&utm_term={{adset.id}}&utm_content={{ad.id}}&utm_id={{campaign.id}}&campaign_alias=meta_biocom_광고별칭&meta_campaign_id={{campaign.id}}&meta_adset_id={{adset.id}}&meta_ad_id={{ad.id}}&meta_site_source={{site_source_name}}&meta_placement={{placement}},meta,paid_social,{{campaign.id}},{{adset.id}},{{ad.id}},{{campaign.id}},meta_biocom_광고별칭,{{campaign.id}},{{adset.id}},{{ad.id}},utm_source=meta&utm_medium=paid_social&utm_campaign=120244759209860396&utm_term=120244759212190396&utm_content=120244759214660396&utm_id=120244759209860396&campaign_alias=meta_biocom_meta_biocom_igg_skin_ttsreel1_260429&meta_campaign_id=120244759209860396&meta_adset_id=120244759212190396&meta_ad_id=120244759214660396,meta_biocom_meta_biocom_igg_skin_ttsreel1_260429
,,,,,P0_동적값미치환_광고별칭템플릿,URL 파라미터에 {{campaign.id}} 또는 meta_biocom_광고별칭이 그대로 있음,URL 파라미터 위치 확인 후 숫자 ID 고정값 또는 정상 치환값으로 교체,36256,1362,51,meta_biocom_igg_260504,120244759209860396,meta_biocom_igg_pregnancy_260504,120244879011610396,meta_biocom_igg_pregnancy_reel1_260504,120244879011600396,ACTIVE,ACTIVE,biocom.kr/igg_store/?idx=85 | www.facebook.com/ads/image/ | www.instagram.com/p/DYBqy3cDKH3/,utm_source=meta&utm_medium=paid_social&utm_campaign={{campaign.id}}&utm_term={{adset.id}}&utm_content={{ad.id}}&utm_id={{campaign.id}}&campaign_alias=meta_biocom_광고별칭&meta_campaign_id={{campaign.id}}&meta_adset_id={{adset.id}}&meta_ad_id={{ad.id}}&meta_site_source={{site_source_name}}&meta_placement={{placement}},meta,paid_social,{{campaign.id}},{{adset.id}},{{ad.id}},{{campaign.id}},meta_biocom_광고별칭,{{campaign.id}},{{adset.id}},{{ad.id}},utm_source=meta&utm_medium=paid_social&utm_campaign=120244759209860396&utm_term=120244879011610396&utm_content=120244879011600396&utm_id=120244759209860396&campaign_alias=meta_biocom_meta_biocom_igg_pregnancy_reel1_260504&meta_campaign_id=120244759209860396&meta_adset_id=120244879011610396&meta_ad_id=120244879011600396,meta_biocom_meta_biocom_igg_pregnancy_reel1_260504
,,,,,P1_UTM누락,광고 소재/랜딩에서 UTM 또는 campaign_alias를 확인할 수 없음,URL 파라미터 또는 랜딩 URL에 Meta UTM/광고 ID/고유 별칭 추가,35575,1667,27,[바이오컴] 음식물 과민증 검사 어드밴티지+캠페인(251020),120235591897270396,음식물과민증검사_관심타겟_어드밴티지+,120235591897230396,[연뜰살뜰x종대사음과검] 스토리-3 - 사본,120240976053360396,ACTIVE,ACTIVE,www.instagram.com/p/DUo5MVOjGAF/,,,,,,,,,,,,utm_source=meta&utm_medium=paid_social&utm_campaign=120235591897270396&utm_term=120235591897230396&utm_content=120240976053360396&utm_id=120235591897270396&campaign_alias=meta_biocom_연뜰살뜰x종대사음과검_스토리_3_사본&meta_campaign_id=120235591897270396&meta_adset_id=120235591897230396&meta_ad_id=120240976053360396,meta_biocom_연뜰살뜰x종대사음과검_스토리_3_사본
,,,,,P1_UTM누락,광고 소재/랜딩에서 UTM 또는 campaign_alias를 확인할 수 없음,URL 파라미터 또는 랜딩 URL에 Meta UTM/광고 ID/고유 별칭 추가,32213,1774,61,[바이오컴] 음식물 과민증 검사 전환캠페인(10/14~),120213362391690396,음식물 과민증 검사_피부 타겟,120229949925450396,[연뜰살뜰X음과검] 상시릴스 1 - 사본,120234443392970396,ACTIVE,ACTIVE,www.instagram.com/p/DPLQmaQjEKS/,,,,,,,,,,,,utm_source=meta&utm_medium=paid_social&utm_campaign=120213362391690396&utm_term=120229949925450396&utm_content=120234443392970396&utm_id=120213362391690396&campaign_alias=meta_biocom_연뜰살뜰x음과검_상시릴스_1_사본&meta_campaign_id=120213362391690396&meta_adset_id=120229949925450396&meta_ad_id=120234443392970396,meta_biocom_연뜰살뜰x음과검_상시릴스_1_사본
,,,,,P0_동적값미치환_광고별칭템플릿,URL 파라미터에 {{campaign.id}} 또는 meta_biocom_광고별칭이 그대로 있음,URL 파라미터 위치 확인 후 숫자 ID 고정값 또는 정상 치환값으로 교체,30569,1379,55,meta_biocom_influencer_260506,120245003319500396,meta_biocom_songyuul_260512,120245370784880396,meta_biocom_songyuul_post2_260512,120245372097540396,ACTIVE,ADSET_PAUSED,www.instagram.com/p/DH2l37RM8Mw/,utm_source=meta&utm_medium=paid_social&utm_campaign={{campaign.id}}&utm_term={{adset.id}}&utm_content={{ad.id}}&utm_id={{campaign.id}}&campaign_alias=meta_biocom_광고별칭&meta_campaign_id={{campaign.id}}&meta_adset_id={{adset.id}}&meta_ad_id={{ad.id}}&meta_site_source={{site_source_name}}&meta_placement={{placement}},meta,paid_social,{{campaign.id}},{{adset.id}},{{ad.id}},{{campaign.id}},meta_biocom_광고별칭,{{campaign.id}},{{adset.id}},{{ad.id}},utm_source=meta&utm_medium=paid_social&utm_campaign=120245003319500396&utm_term=120245370784880396&utm_content=120245372097540396&utm_id=120245003319500396&campaign_alias=meta_biocom_meta_biocom_songyuul_post2_260512&meta_campaign_id=120245003319500396&meta_adset_id=120245370784880396&meta_ad_id=120245372097540396,meta_biocom_meta_biocom_songyuul_post2_260512
,,,,,P1_UTM누락,광고 소재/랜딩에서 UTM 또는 campaign_alias를 확인할 수 없음,URL 파라미터 또는 랜딩 URL에 Meta UTM/광고 ID/고유 별칭 추가,27823,1532,19,[바이오컴] 음식물 과민증 검사 어드밴티지+캠페인(251020),120235591897270396,음식물과민증검사_관심타겟_어드밴티지+,120235591897230396,[연뜰살뜰x음과검] mast검사 스토리1 - 사본,120241506461580396,ACTIVE,ACTIVE,www.instagram.com/p/DVKSd19jBkB/,,,,,,,,,,,,utm_source=meta&utm_medium=paid_social&utm_campaign=120235591897270396&utm_term=120235591897230396&utm_content=120241506461580396&utm_id=120235591897270396&campaign_alias=meta_biocom_연뜰살뜰x음과검_mast검사_스토리1_사본&meta_campaign_id=120235591897270396&meta_adset_id=120235591897230396&meta_ad_id=120241506461580396,meta_biocom_연뜰살뜰x음과검_mast검사_스토리1_사본
,,,,,P1_UTM누락,광고 소재/랜딩에서 UTM 또는 campaign_alias를 확인할 수 없음,URL 파라미터 또는 랜딩 URL에 Meta UTM/광고 ID/고유 별칭 추가,26578,1009,15,[바이오컴] 음식물 과민증 검사 전환캠페인(10/14~),120213362391690396,음식물 과민증 검사_피부 타겟,120229949925450396,[연뜰살뜰X음과검] 공구게시글 - 사본,120235192232440396,ACTIVE,ACTIVE,www.instagram.com/p/DPvm1WujB3f/,,,,,,,,,,,,utm_source=meta&utm_medium=paid_social&utm_campaign=120213362391690396&utm_term=120229949925450396&utm_content=120235192232440396&utm_id=120213362391690396&campaign_alias=meta_biocom_연뜰살뜰x음과검_공구게시글_사본&meta_campaign_id=120213362391690396&meta_adset_id=120229949925450396&meta_ad_id=120235192232440396,meta_biocom_연뜰살뜰x음과검_공구게시글_사본
,,,,,P0_동적값미치환_광고별칭템플릿,URL 파라미터에 {{campaign.id}} 또는 meta_biocom_광고별칭이 그대로 있음,URL 파라미터 위치 확인 후 숫자 ID 고정값 또는 정상 치환값으로 교체,18756,4327,263,meta_biocom_acid_260504,120244876670640396,meta_biocom_acid_image_muscle_260507,120245053918020396,meta_biocom_acid_musclestory2_260507,120245054381320396,ACTIVE,ACTIVE,biocom.kr/shop_view?idx=259 | www.instagram.com/p/DYMWFGaDGuM/,utm_source=meta&utm_medium=paid_social&utm_campaign={{campaign.id}}&utm_term={{adset.id}}&utm_content={{ad.id}}&utm_id={{campaign.id}}&campaign_alias=meta_biocom_광고별칭&meta_campaign_id={{campaign.id}}&meta_adset_id={{adset.id}}&meta_ad_id={{ad.id}}&meta_site_source={{site_source_name}}&meta_placement={{placement}},meta,paid_social,{{campaign.id}},{{adset.id}},{{ad.id}},{{campaign.id}},meta_biocom_광고별칭,{{campaign.id}},{{adset.id}},{{ad.id}},utm_source=meta&utm_medium=paid_social&utm_campaign=120244876670640396&utm_term=120245053918020396&utm_content=120245054381320396&utm_id=120244876670640396&campaign_alias=meta_biocom_meta_biocom_acid_musclestory2_260507&meta_campaign_id=120244876670640396&meta_adset_id=120245053918020396&meta_ad_id=120245054381320396,meta_biocom_meta_biocom_acid_musclestory2_260507
,,,,,P0_동적값미치환_광고별칭템플릿,URL 파라미터에 {{campaign.id}} 또는 meta_biocom_광고별칭이 그대로 있음,URL 파라미터 위치 확인 후 숫자 ID 고정값 또는 정상 치환값으로 교체,18143,838,43,meta_biocom_igg_260504,120244759209860396,meta_biocom_igg_skin2_260507,120245065714050396,meta_biocom_igg_skin2_reel1_260507,120245065714040396,ACTIVE,ACTIVE,biocom.kr/igg_store/?idx=85 | www.facebook.com/ads/image/ | www.instagram.com/p/DYCAAwwjDcU/,utm_source=meta&utm_medium=paid_social&utm_campaign={{campaign.id}}&utm_term={{adset.id}}&utm_content={{ad.id}}&utm_id={{campaign.id}}&campaign_alias=meta_biocom_광고별칭&meta_campaign_id={{campaign.id}}&meta_adset_id={{adset.id}}&meta_ad_id={{ad.id}}&meta_site_source={{site_source_name}}&meta_placement={{placement}},meta,paid_social,{{campaign.id}},{{adset.id}},{{ad.id}},{{campaign.id}},meta_biocom_광고별칭,{{campaign.id}},{{adset.id}},{{ad.id}},utm_source=meta&utm_medium=paid_social&utm_campaign=120244759209860396&utm_term=120245065714050396&utm_content=120245065714040396&utm_id=120244759209860396&campaign_alias=meta_biocom_meta_biocom_igg_skin2_reel1_260507&meta_campaign_id=120244759209860396&meta_adset_id=120245065714050396&meta_ad_id=120245065714040396,meta_biocom_meta_biocom_igg_skin2_reel1_260507
,,,,,P0_동적값미치환_광고별칭템플릿,URL 파라미터에 {{campaign.id}} 또는 meta_biocom_광고별칭이 그대로 있음,URL 파라미터 위치 확인 후 숫자 ID 고정값 또는 정상 치환값으로 교체,16574,264,10,meta_biocom_acid_260504,120244876670640396,meta_biocom_acid_dietreel_250507,120245070390500396,meta_biocom_acid_dietreel1_250507,120245070390490396,ACTIVE,ACTIVE,biocom.kr/shop_view?idx=259 | www.facebook.com/ads/image/ | www.instagram.com/p/DYCHHX_jEt7/,utm_source=meta&utm_medium=paid_social&utm_campaign={{campaign.id}}&utm_term={{adset.id}}&utm_content={{ad.id}}&utm_id={{campaign.id}}&campaign_alias=meta_biocom_광고별칭&meta_campaign_id={{campaign.id}}&meta_adset_id={{adset.id}}&meta_ad_id={{ad.id}}&meta_site_source={{site_source_name}}&meta_placement={{placement}},meta,paid_social,{{campaign.id}},{{adset.id}},{{ad.id}},{{campaign.id}},meta_biocom_광고별칭,{{campaign.id}},{{adset.id}},{{ad.id}},utm_source=meta&utm_medium=paid_social&utm_campaign=120244876670640396&utm_term=120245070390500396&utm_content=120245070390490396&utm_id=120244876670640396&campaign_alias=meta_biocom_meta_biocom_acid_dietreel1_250507&meta_campaign_id=120244876670640396&meta_adset_id=120245070390500396&meta_ad_id=120245070390490396,meta_biocom_meta_biocom_acid_dietreel1_250507
,,,,,P0_동적값미치환_광고별칭템플릿,URL 파라미터에 {{campaign.id}} 또는 meta_biocom_광고별칭이 그대로 있음,URL 파라미터 위치 확인 후 숫자 ID 고정값 또는 정상 치환값으로 교체,15461,654,5,meta_biocom_igg_260504,120244759209860396,meta_biocom_igg_teamketo_260512,120245390605470396,meta_biocom_igg_teamketo_reel1_260512,120245390701550396,ACTIVE,ACTIVE,biocom.kr/igg_store/?idx=85 | www.facebook.com/ads/image/ | www.instagram.com/p/DYOnT-qDLcq/,utm_source=meta&utm_medium=paid_social&utm_campaign={{campaign.id}}&utm_term={{adset.id}}&utm_content={{ad.id}}&utm_id={{campaign.id}}&campaign_alias=meta_biocom_광고별칭&meta_campaign_id={{campaign.id}}&meta_adset_id={{adset.id}}&meta_ad_id={{ad.id}}&meta_site_source={{site_source_name}}&meta_placement={{placement}},meta,paid_social,{{campaign.id}},{{adset.id}},{{ad.id}},{{campaign.id}},meta_biocom_광고별칭,{{campaign.id}},{{adset.id}},{{ad.id}},utm_source=meta&utm_medium=paid_social&utm_campaign=120244759209860396&utm_term=120245390605470396&utm_content=120245390701550396&utm_id=120244759209860396&campaign_alias=meta_biocom_meta_biocom_igg_teamketo_reel1_260512&meta_campaign_id=120244759209860396&meta_adset_id=120245390605470396&meta_ad_id=120245390701550396,meta_biocom_meta_biocom_igg_teamketo_reel1_260512
,,,,,P0_동적값미치환_광고별칭템플릿,URL 파라미터에 {{campaign.id}} 또는 meta_biocom_광고별칭이 그대로 있음,URL 파라미터 위치 확인 후 숫자 ID 고정값 또는 정상 치환값으로 교체,14558,450,15,meta_biocom_influencer_260506,120245003319500396,meta_biocom_layerd_260512,120245372339680396,meta_biocom_layerd_reel_260512,120245372339670396,ACTIVE,ACTIVE,www.instagram.com/p/DYOE2AjjFCE/,utm_source=meta&utm_medium=paid_social&utm_campaign={{campaign.id}}&utm_term={{adset.id}}&utm_content={{ad.id}}&utm_id={{campaign.id}}&campaign_alias=meta_biocom_광고별칭&meta_campaign_id={{campaign.id}}&meta_adset_id={{adset.id}}&meta_ad_id={{ad.id}}&meta_site_source={{site_source_name}}&meta_placement={{placement}},meta,paid_social,{{campaign.id}},{{adset.id}},{{ad.id}},{{campaign.id}},meta_biocom_광고별칭,{{campaign.id}},{{adset.id}},{{ad.id}},utm_source=meta&utm_medium=paid_social&utm_campaign=120245003319500396&utm_term=120245372339680396&utm_content=120245372339670396&utm_id=120245003319500396&campaign_alias=meta_biocom_meta_biocom_layerd_reel_260512&meta_campaign_id=120245003319500396&meta_adset_id=120245372339680396&meta_ad_id=120245372339670396,meta_biocom_meta_biocom_layerd_reel_260512
,,,,,P0_동적값미치환_광고별칭템플릿,URL 파라미터에 {{campaign.id}} 또는 meta_biocom_광고별칭이 그대로 있음,URL 파라미터 위치 확인 후 숫자 ID 고정값 또는 정상 치환값으로 교체,10465,149,6,"[바이오컴] 건강기능식품 - 클린, 풍성, 바이오",120215102309650396,뉴로 마스터,120217059820520396,meta_biocom_nuromaster_teamketoreel1_260512,120245392304410396,ACTIVE,ACTIVE,biocom.kr/shop_view/?idx=198 | www.facebook.com/ads/image/,utm_source=meta&utm_medium=paid_social&utm_campaign={{campaign.id}}&utm_term={{adset.id}}&utm_content={{ad.id}}&utm_id={{campaign.id}}&campaign_alias=meta_biocom_광고별칭&meta_campaign_id={{campaign.id}}&meta_adset_id={{adset.id}}&meta_ad_id={{ad.id}}&meta_site_source={{site_source_name}}&meta_placement={{placement}},meta,paid_social,{{campaign.id}},{{adset.id}},{{ad.id}},{{campaign.id}},meta_biocom_광고별칭,{{campaign.id}},{{adset.id}},{{ad.id}},utm_source=meta&utm_medium=paid_social&utm_campaign=120215102309650396&utm_term=120217059820520396&utm_content=120245392304410396&utm_id=120215102309650396&campaign_alias=meta_biocom_meta_biocom_nuromaster_teamketoreel1_260512&meta_campaign_id=120215102309650396&meta_adset_id=120217059820520396&meta_ad_id=120245392304410396,meta_biocom_meta_biocom_nuromaster_teamketoreel1_260512
,,,,,P0_동적값미치환_광고별칭템플릿,URL 파라미터에 {{campaign.id}} 또는 meta_biocom_광고별칭이 그대로 있음,URL 파라미터 위치 확인 후 숫자 ID 고정값 또는 정상 치환값으로 교체,10401,409,12,meta_biocom_influencer_260506,120245003319500396,meta_biocom_hwajung_260514,120245498758680396,meta_biocom_igg_hwajung_260518,120245701970380396,ACTIVE,ACTIVE,www.instagram.com/p/DYdpoO9DLsM/,utm_source=meta&utm_medium=paid_social&utm_campaign={{campaign.id}}&utm_term={{adset.id}}&utm_content={{ad.id}}&utm_id={{campaign.id}}&campaign_alias=meta_biocom_광고별칭&meta_campaign_id={{campaign.id}}&meta_adset_id={{adset.id}}&meta_ad_id={{ad.id}}&meta_site_source={{site_source_name}}&meta_placement={{placement}},meta,paid_social,{{campaign.id}},{{adset.id}},{{ad.id}},{{campaign.id}},meta_biocom_광고별칭,{{campaign.id}},{{adset.id}},{{ad.id}},utm_source=meta&utm_medium=paid_social&utm_campaign=120245003319500396&utm_term=120245498758680396&utm_content=120245701970380396&utm_id=120245003319500396&campaign_alias=meta_biocom_meta_biocom_igg_hwajung_260518&meta_campaign_id=120245003319500396&meta_adset_id=120245498758680396&meta_ad_id=120245701970380396,meta_biocom_meta_biocom_igg_hwajung_260518
,,,,,P0_동적값미치환_광고별칭템플릿,URL 파라미터에 {{campaign.id}} 또는 meta_biocom_광고별칭이 그대로 있음,URL 파라미터 위치 확인 후 숫자 ID 고정값 또는 정상 치환값으로 교체,10147,756,10,[바이오컴] 음식물 과민증 검사 어드밴티지+캠페인(251020),120235591897270396,음식물과민증검사_관심타겟_어드밴티지+,120235591897230396,meta_biocom_igg_milkstory_260514,120245490434130396,ACTIVE,ACTIVE,biocom.kr/igg_store/?idx=85 | www.instagram.com/p/DYTMvPsDF_7/,utm_source=meta&utm_medium=paid_social&utm_campaign={{campaign.id}}&utm_term={{adset.id}}&utm_content={{ad.id}}&utm_id={{campaign.id}}&campaign_alias=meta_biocom_광고별칭&meta_campaign_id={{campaign.id}}&meta_adset_id={{adset.id}}&meta_ad_id={{ad.id}}&meta_site_source={{site_source_name}}&meta_placement={{placement}},meta,paid_social,{{campaign.id}},{{adset.id}},{{ad.id}},{{campaign.id}},meta_biocom_광고별칭,{{campaign.id}},{{adset.id}},{{ad.id}},utm_source=meta&utm_medium=paid_social&utm_campaign=120235591897270396&utm_term=120235591897230396&utm_content=120245490434130396&utm_id=120235591897270396&campaign_alias=meta_biocom_meta_biocom_igg_milkstory_260514&meta_campaign_id=120235591897270396&meta_adset_id=120235591897230396&meta_ad_id=120245490434130396,meta_biocom_meta_biocom_igg_milkstory_260514
,,,,,P1_UTM누락,광고 소재/랜딩에서 UTM 또는 campaign_alias를 확인할 수 없음,URL 파라미터 또는 랜딩 URL에 Meta UTM/광고 ID/고유 별칭 추가,6831,208,14,[바이오컴] 종합대사기능검사 전환캠페인(11/4~) - 사본,120237452088280396,종합대사기능검사 - 사본,120237452088100396,[연뜰x종대사] 상시 릴스 2,120240401259960396,ACTIVE,ACTIVE,www.instagram.com/p/DUDFNpkDByd/,,,,,,,,,,,,utm_source=meta&utm_medium=paid_social&utm_campaign=120237452088280396&utm_term=120237452088100396&utm_content=120240401259960396&utm_id=120237452088280396&campaign_alias=meta_biocom_연뜰x종대사_상시_릴스_2&meta_campaign_id=120237452088280396&meta_adset_id=120237452088100396&meta_ad_id=120240401259960396,meta_biocom_연뜰x종대사_상시_릴스_2
,,,,,P0_동적값미치환_광고별칭템플릿,URL 파라미터에 {{campaign.id}} 또는 meta_biocom_광고별칭이 그대로 있음,URL 파라미터 위치 확인 후 숫자 ID 고정값 또는 정상 치환값으로 교체,6752,134,1,[바이오컴] 종합대사기능검사 전환캠페인(11/4~) - 사본,120237452088280396,종합대사기능검사 - 사본,120237452088100396,meta_biocom_acid_dietreel1_250507 - 사본,120245328867460396,ACTIVE,ACTIVE,biocom.kr/shop_view?idx=259 | www.facebook.com/ads/image/ | www.instagram.com/p/DYCHHX_jEt7/,utm_source=meta&utm_medium=paid_social&utm_campaign={{campaign.id}}&utm_term={{adset.id}}&utm_content={{ad.id}}&utm_id={{campaign.id}}&campaign_alias=meta_biocom_광고별칭&meta_campaign_id={{campaign.id}}&meta_adset_id={{adset.id}}&meta_ad_id={{ad.id}}&meta_site_source={{site_source_name}}&meta_placement={{placement}},meta,paid_social,{{campaign.id}},{{adset.id}},{{ad.id}},{{campaign.id}},meta_biocom_광고별칭,{{campaign.id}},{{adset.id}},{{ad.id}},utm_source=meta&utm_medium=paid_social&utm_campaign=120237452088280396&utm_term=120237452088100396&utm_content=120245328867460396&utm_id=120237452088280396&campaign_alias=meta_biocom_meta_biocom_acid_dietreel1_250507_사본&meta_campaign_id=120237452088280396&meta_adset_id=120237452088100396&meta_ad_id=120245328867460396,meta_biocom_meta_biocom_acid_dietreel1_250507_사본
,,,,,P0_동적값미치환_광고별칭템플릿,URL 파라미터에 {{campaign.id}} 또는 meta_biocom_광고별칭이 그대로 있음,URL 파라미터 위치 확인 후 숫자 ID 고정값 또는 정상 치환값으로 교체,6600,234,6,[바이오컴] 음식물 과민증 검사 어드밴티지+캠페인(251020),120235591897270396,음식물과민증검사_관심타겟_어드밴티지+,120235591897230396,meta_biocom_igg_yeonddle_reel_honeymoon_260512,120245391104050396,ACTIVE,ACTIVE,biocom.kr/igg_store/?idx=85 | www.facebook.com/ads/image/ | www.instagram.com/p/DYOog5AjLd4/,utm_source=meta&utm_medium=paid_social&utm_campaign={{campaign.id}}&utm_term={{adset.id}}&utm_content={{ad.id}}&utm_id={{campaign.id}}&campaign_alias=meta_biocom_광고별칭&meta_campaign_id={{campaign.id}}&meta_adset_id={{adset.id}}&meta_ad_id={{ad.id}}&meta_site_source={{site_source_name}}&meta_placement={{placement}},meta,paid_social,{{campaign.id}},{{adset.id}},{{ad.id}},{{campaign.id}},meta_biocom_광고별칭,{{campaign.id}},{{adset.id}},{{ad.id}},utm_source=meta&utm_medium=paid_social&utm_campaign=120235591897270396&utm_term=120235591897230396&utm_content=120245391104050396&utm_id=120235591897270396&campaign_alias=meta_biocom_meta_biocom_igg_yeonddle_reel_honeymoon_260512&meta_campaign_id=120235591897270396&meta_adset_id=120235591897230396&meta_ad_id=120245391104050396,meta_biocom_meta_biocom_igg_yeonddle_reel_honeymoon_260512
,,,,,P0_동적값미치환_광고별칭템플릿,URL 파라미터에 {{campaign.id}} 또는 meta_biocom_광고별칭이 그대로 있음,URL 파라미터 위치 확인 후 숫자 ID 고정값 또는 정상 치환값으로 교체,6578,988,72,[바이오컴] 음식물 과민증 검사 어드밴티지+캠페인(251020),120235591897270396,음식물과민증검사_관심타겟_어드밴티지+,120235591897230396,meta_biocom_igg_amondstory_260514,120245494743430396,ACTIVE,ACTIVE,biocom.kr/igg_store/?idx=85 | www.instagram.com/p/DYTaEHEDCPW/,utm_source=meta&utm_medium=paid_social&utm_campaign={{campaign.id}}&utm_term={{adset.id}}&utm_content={{ad.id}}&utm_id={{campaign.id}}&campaign_alias=meta_biocom_광고별칭&meta_campaign_id={{campaign.id}}&meta_adset_id={{adset.id}}&meta_ad_id={{ad.id}}&meta_site_source={{site_source_name}}&meta_placement={{placement}},meta,paid_social,{{campaign.id}},{{adset.id}},{{ad.id}},{{campaign.id}},meta_biocom_광고별칭,{{campaign.id}},{{adset.id}},{{ad.id}},utm_source=meta&utm_medium=paid_social&utm_campaign=120235591897270396&utm_term=120235591897230396&utm_content=120245494743430396&utm_id=120235591897270396&campaign_alias=meta_biocom_meta_biocom_igg_amondstory_260514&meta_campaign_id=120235591897270396&meta_adset_id=120235591897230396&meta_ad_id=120245494743430396,meta_biocom_meta_biocom_igg_amondstory_260514
,,,,,P1_UTM누락,광고 소재/랜딩에서 UTM 또는 campaign_alias를 확인할 수 없음,URL 파라미터 또는 랜딩 URL에 Meta UTM/광고 ID/고유 별칭 추가,5967,136,3,"[바이오컴] 건강기능식품 - 클린, 풍성, 바이오",120215102309650396,풍성밸런스,120215102309680396,풍성밸런스6_ 풍성함되찾는방법,120215196342520396,ACTIVE,ADSET_PAUSED,biocom.kr/supplements/?idx=171 | www.facebook.com/ads/image/ | www.instagram.com/p/DD4M7vXMQWN/,,,,,,,,,,,,utm_source=meta&utm_medium=paid_social&utm_campaign=120215102309650396&utm_term=120215102309680396&utm_content=120215196342520396&utm_id=120215102309650396&campaign_alias=meta_biocom_풍성밸런스6_풍성함되찾는방법&meta_campaign_id=120215102309650396&meta_adset_id=120215102309680396&meta_ad_id=120215196342520396,meta_biocom_풍성밸런스6_풍성함되찾는방법
,,,,,P0_동적값미치환_광고별칭템플릿,URL 파라미터에 {{campaign.id}} 또는 meta_biocom_광고별칭이 그대로 있음,URL 파라미터 위치 확인 후 숫자 ID 고정값 또는 정상 치환값으로 교체,4706,194,9,[바이오컴] 호르몬 검사 바이럴 소재 캠페인_0811,120231749833120396,종합호르몬분석_바이럴소재_0811,120231749833100396,[가정의달 프로모션] 종호균 프로모션 x 백수정님,120245002839480396,ACTIVE,ACTIVE,biocom.kr/shop_view?idx=506 | www.facebook.com/ads/image/ | www.instagram.com/p/DX_kkr6jCI_/,utm_source=meta&utm_medium=paid_social&utm_campaign={{campaign.id}}&utm_term={{adset.id}}&utm_content={{ad.id}}&utm_id={{campaign.id}}&campaign_alias=meta_biocom_광고별칭&meta_campaign_id={{campaign.id}}&meta_adset_id={{adset.id}}&meta_ad_id={{ad.id}}&meta_site_source={{site_source_name}}&meta_placement={{placement}},meta,paid_social,{{campaign.id}},{{adset.id}},{{ad.id}},{{campaign.id}},meta_biocom_광고별칭,{{campaign.id}},{{adset.id}},{{ad.id}},utm_source=meta&utm_medium=paid_social&utm_campaign=120231749833120396&utm_term=120231749833100396&utm_content=120245002839480396&utm_id=120231749833120396&campaign_alias=meta_biocom_가정의달_프로모션_종호균_프로모션_x_백수정님&meta_campaign_id=120231749833120396&meta_adset_id=120231749833100396&meta_ad_id=120245002839480396,meta_biocom_가정의달_프로모션_종호균_프로모션_x_백수정님
,,,,,P0_동적값미치환_광고별칭템플릿,URL 파라미터에 {{campaign.id}} 또는 meta_biocom_광고별칭이 그대로 있음,URL 파라미터 위치 확인 후 숫자 ID 고정값 또는 정상 치환값으로 교체,4468,219,5,meta_biocom_influencer_260506,120245003319500396,meta_biocom_songyuul_260512,120245370784880396,meta_biocom_songyuul_reel5_260512,120245373750370396,ACTIVE,ADSET_PAUSED,www.instagram.com/p/DYOKLsMDPW1/,utm_source=meta&utm_medium=paid_social&utm_campaign={{campaign.id}}&utm_term={{adset.id}}&utm_content={{ad.id}}&utm_id={{campaign.id}}&campaign_alias=meta_biocom_광고별칭&meta_campaign_id={{campaign.id}}&meta_adset_id={{adset.id}}&meta_ad_id={{ad.id}}&meta_site_source={{site_source_name}}&meta_placement={{placement}},meta,paid_social,{{campaign.id}},{{adset.id}},{{ad.id}},{{campaign.id}},meta_biocom_광고별칭,{{campaign.id}},{{adset.id}},{{ad.id}},utm_source=meta&utm_medium=paid_social&utm_campaign=120245003319500396&utm_term=120245370784880396&utm_content=120245373750370396&utm_id=120245003319500396&campaign_alias=meta_biocom_meta_biocom_songyuul_reel5_260512&meta_campaign_id=120245003319500396&meta_adset_id=120245370784880396&meta_ad_id=120245373750370396,meta_biocom_meta_biocom_songyuul_reel5_260512
,,,,,P1_UTM누락,광고 소재/랜딩에서 UTM 또는 campaign_alias를 확인할 수 없음,URL 파라미터 또는 랜딩 URL에 Meta UTM/광고 ID/고유 별칭 추가,4450,100,3,공동구매 인플루언서 파트너 광고 모음_3 (260323),120242626179290396,인플루언서 공동구매 파트너 광고,120242626179270396,[연뜰살뜰x음과검] mast검사 스토리2 - 사본,120242626208390396,ACTIVE,ACTIVE,www.instagram.com/p/DVKSpWGjDN9/,,,,,,,,,,,,utm_source=meta&utm_medium=paid_social&utm_campaign=120242626179290396&utm_term=120242626179270396&utm_content=120242626208390396&utm_id=120242626179290396&campaign_alias=meta_biocom_연뜰살뜰x음과검_mast검사_스토리2_사본&meta_campaign_id=120242626179290396&meta_adset_id=120242626179270396&meta_ad_id=120242626208390396,meta_biocom_연뜰살뜰x음과검_mast검사_스토리2_사본
,,,,,P1_UTM누락,광고 소재/랜딩에서 UTM 또는 campaign_alias를 확인할 수 없음,URL 파라미터 또는 랜딩 URL에 Meta UTM/광고 ID/고유 별칭 추가,3686,205,2,[바이오컴] 음식물 과민증 검사 어드밴티지+캠페인(251020),120235591897270396,음식물과민증검사_관심타겟_어드밴티지+,120235591897230396,[요즘픽X음과검] 상시 게시글,120239854599920396,ACTIVE,ACTIVE,www.instagram.com/p/DTbrQl1DFeH/,,,,,,,,,,,,utm_source=meta&utm_medium=paid_social&utm_campaign=120235591897270396&utm_term=120235591897230396&utm_content=120239854599920396&utm_id=120235591897270396&campaign_alias=meta_biocom_요즘픽x음과검_상시_게시글&meta_campaign_id=120235591897270396&meta_adset_id=120235591897230396&meta_ad_id=120239854599920396,meta_biocom_요즘픽x음과검_상시_게시글
,,,,,P0_동적값미치환_광고별칭템플릿,URL 파라미터에 {{campaign.id}} 또는 meta_biocom_광고별칭이 그대로 있음,URL 파라미터 위치 확인 후 숫자 ID 고정값 또는 정상 치환값으로 교체,2833,166,5,meta_biocom_influencer_260506,120245003319500396,meta_biocom_hwajung_260514,120245498758680396,meta_biocom_igg_hwajung_260514,120245498758690396,ACTIVE,ACTIVE,www.instagram.com/p/DYToDEyjK7i/,utm_source=meta&utm_medium=paid_social&utm_campaign={{campaign.id}}&utm_term={{adset.id}}&utm_content={{ad.id}}&utm_id={{campaign.id}}&campaign_alias=meta_biocom_광고별칭&meta_campaign_id={{campaign.id}}&meta_adset_id={{adset.id}}&meta_ad_id={{ad.id}}&meta_site_source={{site_source_name}}&meta_placement={{placement}},meta,paid_social,{{campaign.id}},{{adset.id}},{{ad.id}},{{campaign.id}},meta_biocom_광고별칭,{{campaign.id}},{{adset.id}},{{ad.id}},utm_source=meta&utm_medium=paid_social&utm_campaign=120245003319500396&utm_term=120245498758680396&utm_content=120245498758690396&utm_id=120245003319500396&campaign_alias=meta_biocom_meta_biocom_igg_hwajung_260514&meta_campaign_id=120245003319500396&meta_adset_id=120245498758680396&meta_ad_id=120245498758690396,meta_biocom_meta_biocom_igg_hwajung_260514
,,,,,P0_동적값미치환_광고별칭템플릿,URL 파라미터에 {{campaign.id}} 또는 meta_biocom_광고별칭이 그대로 있음,URL 파라미터 위치 확인 후 숫자 ID 고정값 또는 정상 치환값으로 교체,1074,31,0,meta_biocom_influencer_260506,120245003319500396,meta_biocom_iiari_260518,120245700952890396,meta_biocom_iiari_acid_260518,120245700952900396,ACTIVE,ACTIVE,biocom.kr/iiary02 | www.instagram.com/p/DYdgulVjHLM/,utm_source=meta&utm_medium=paid_social&utm_campaign={{campaign.id}}&utm_term={{adset.id}}&utm_content={{ad.id}}&utm_id={{campaign.id}}&campaign_alias=meta_biocom_광고별칭&meta_campaign_id={{campaign.id}}&meta_adset_id={{adset.id}}&meta_ad_id={{ad.id}}&meta_site_source={{site_source_name}}&meta_placement={{placement}},meta,paid_social,{{campaign.id}},{{adset.id}},{{ad.id}},{{campaign.id}},meta_biocom_광고별칭,{{campaign.id}},{{adset.id}},{{ad.id}},utm_source=meta&utm_medium=paid_social&utm_campaign=120245003319500396&utm_term=120245700952890396&utm_content=120245700952900396&utm_id=120245003319500396&campaign_alias=meta_biocom_meta_biocom_iiari_acid_260518&meta_campaign_id=120245003319500396&meta_adset_id=120245700952890396&meta_ad_id=120245700952900396,meta_biocom_meta_biocom_iiari_acid_260518
,,,,,P1_UTM누락,광고 소재/랜딩에서 UTM 또는 campaign_alias를 확인할 수 없음,URL 파라미터 또는 랜딩 URL에 Meta UTM/광고 ID/고유 별칭 추가,490,15,1,공동구매 인플루언서 파트너 광고 모음_3 (260323),120242626179290396,인플루언서 공동구매 파트너 광고,120242626179270396,[연뜰살뜰x음과검] 2차공구 - 사본 - 사본,120242626208430396,ACTIVE,ACTIVE,www.instagram.com/p/DRiPe8zjAxp/,,,,,,,,,,,,utm_source=meta&utm_medium=paid_social&utm_campaign=120242626179290396&utm_term=120242626179270396&utm_content=120242626208430396&utm_id=120242626179290396&campaign_alias=meta_biocom_연뜰살뜰x음과검_2차공구_사본_사본&meta_campaign_id=120242626179290396&meta_adset_id=120242626179270396&meta_ad_id=120242626208430396,meta_biocom_연뜰살뜰x음과검_2차공구_사본_사본
,,,,,P0_동적값미치환_광고별칭템플릿,URL 파라미터에 {{campaign.id}} 또는 meta_biocom_광고별칭이 그대로 있음,URL 파라미터 위치 확인 후 숫자 ID 고정값 또는 정상 치환값으로 교체,323,16,0,meta_biocom_influencer_260506,120245003319500396,meta_biocom_songyuul_260512,120245370784880396,meta_biocom_songyuul_reel3_260512,120245371752800396,ACTIVE,ADSET_PAUSED,www.instagram.com/p/DW2mvWHjD2G/,utm_source=meta&utm_medium=paid_social&utm_campaign={{campaign.id}}&utm_term={{adset.id}}&utm_content={{ad.id}}&utm_id={{campaign.id}}&campaign_alias=meta_biocom_광고별칭&meta_campaign_id={{campaign.id}}&meta_adset_id={{adset.id}}&meta_ad_id={{ad.id}}&meta_site_source={{site_source_name}}&meta_placement={{placement}},meta,paid_social,{{campaign.id}},{{adset.id}},{{ad.id}},{{campaign.id}},meta_biocom_광고별칭,{{campaign.id}},{{adset.id}},{{ad.id}},utm_source=meta&utm_medium=paid_social&utm_campaign=120245003319500396&utm_term=120245370784880396&utm_content=120245371752800396&utm_id=120245003319500396&campaign_alias=meta_biocom_meta_biocom_songyuul_reel3_260512&meta_campaign_id=120245003319500396&meta_adset_id=120245370784880396&meta_ad_id=120245371752800396,meta_biocom_meta_biocom_songyuul_reel3_260512
,,,,,P0_동적값미치환_광고별칭템플릿,URL 파라미터에 {{campaign.id}} 또는 meta_biocom_광고별칭이 그대로 있음,URL 파라미터 위치 확인 후 숫자 ID 고정값 또는 정상 치환값으로 교체,202,6,0,"[바이오컴] 건강기능식품 - 클린, 풍성, 바이오",120215102309650396,풍성밸런스,120215102309680396,풍성밸런스5_후기_잔머리부터나요,120215107621910396,ACTIVE,ADSET_PAUSED,biocom.kr/shop_view/?idx=171 | www.facebook.com/ads/image/ | www.instagram.com/p/DYUFqC1jNeR/,utm_source=meta&utm_medium=paid_social&utm_campaign={{campaign.id}}&utm_term={{adset.id}}&utm_content={{ad.id}}&utm_id={{campaign.id}}&campaign_alias=meta_biocom_광고별칭&meta_campaign_id={{campaign.id}}&meta_adset_id={{adset.id}}&meta_ad_id={{ad.id}}&meta_site_source={{site_source_name}}&meta_placement={{placement}},meta,paid_social,{{campaign.id}},{{adset.id}},{{ad.id}},{{campaign.id}},meta_biocom_광고별칭,{{campaign.id}},{{adset.id}},{{ad.id}},utm_source=meta&utm_medium=paid_social&utm_campaign=120215102309650396&utm_term=120215102309680396&utm_content=120215107621910396&utm_id=120215102309650396&campaign_alias=meta_biocom_풍성밸런스5_후기_잔머리부터나요&meta_campaign_id=120215102309650396&meta_adset_id=120215102309680396&meta_ad_id=120215107621910396,meta_biocom_풍성밸런스5_후기_잔머리부터나요
,,,,,P0_동적값미치환_광고별칭템플릿,URL 파라미터에 {{campaign.id}} 또는 meta_biocom_광고별칭이 그대로 있음,URL 파라미터 위치 확인 후 숫자 ID 고정값 또는 정상 치환값으로 교체,179,4,0,공동구매 인플루언서 파트너 광고 모음_3 (260323),120242626179290396,인플루언서 공동구매 파트너 광고,120242626179270396,[송율x바이오컴] 04.08-04.15,120243539487070396,PAUSED,PAUSED,www.instagram.com/p/DW2mvWHjD2G/,utm_source=meta&utm_medium=paid_social&utm_campaign={{campaign.id}}&utm_term={{adset.id}}&utm_content={{ad.id}}&utm_id={{campaign.id}}&campaign_alias=meta_biocom_광고별칭&meta_campaign_id={{campaign.id}}&meta_adset_id={{adset.id}}&meta_ad_id={{ad.id}}&meta_site_source={{site_source_name}}&meta_placement={{placement}},meta,paid_social,{{campaign.id}},{{adset.id}},{{ad.id}},{{campaign.id}},meta_biocom_광고별칭,{{campaign.id}},{{adset.id}},{{ad.id}},utm_source=meta&utm_medium=paid_social&utm_campaign=120242626179290396&utm_term=120242626179270396&utm_content=120243539487070396&utm_id=120242626179290396&campaign_alias=meta_biocom_송율x바이오컴_04_08_04_15&meta_campaign_id=120242626179290396&meta_adset_id=120242626179270396&meta_ad_id=120243539487070396,meta_biocom_송율x바이오컴_04_08_04_15
,,,,,P0_동적값미치환_광고별칭템플릿,URL 파라미터에 {{campaign.id}} 또는 meta_biocom_광고별칭이 그대로 있음,URL 파라미터 위치 확인 후 숫자 ID 고정값 또는 정상 치환값으로 교체,130,3,0,meta_biocom_influencer_260506,120245003319500396,meta_biocom_songyuul_260512,120245370784880396,meta_biocom_songyuul_reel4_260512,120245372022810396,ACTIVE,ADSET_PAUSED,www.instagram.com/p/DJVl6foMsb_/,utm_source=meta&utm_medium=paid_social&utm_campaign={{campaign.id}}&utm_term={{adset.id}}&utm_content={{ad.id}}&utm_id={{campaign.id}}&campaign_alias=meta_biocom_광고별칭&meta_campaign_id={{campaign.id}}&meta_adset_id={{adset.id}}&meta_ad_id={{ad.id}}&meta_site_source={{site_source_name}}&meta_placement={{placement}},meta,paid_social,{{campaign.id}},{{adset.id}},{{ad.id}},{{campaign.id}},meta_biocom_광고별칭,{{campaign.id}},{{adset.id}},{{ad.id}},utm_source=meta&utm_medium=paid_social&utm_campaign=120245003319500396&utm_term=120245370784880396&utm_content=120245372022810396&utm_id=120245003319500396&campaign_alias=meta_biocom_meta_biocom_songyuul_reel4_260512&meta_campaign_id=120245003319500396&meta_adset_id=120245370784880396&meta_ad_id=120245372022810396,meta_biocom_meta_biocom_songyuul_reel4_260512
,,,,,P0_동적값미치환_광고별칭템플릿,URL 파라미터에 {{campaign.id}} 또는 meta_biocom_광고별칭이 그대로 있음,URL 파라미터 위치 확인 후 숫자 ID 고정값 또는 정상 치환값으로 교체,0,0,0,[바이오컴] 음식물 과민증 검사 어드밴티지+캠페인(251020),120235591897270396,음식물과민증검사_관심타겟_어드밴티지+,120235591897230396,meta_biocom_igg_skin2_reel1_260507 - 사본,120245328561040396,ACTIVE,ACTIVE,biocom.kr/igg_store/?idx=85 | www.facebook.com/ads/image/ | www.instagram.com/p/DYCAAwwjDcU/,utm_source=meta&utm_medium=paid_social&utm_campaign={{campaign.id}}&utm_term={{adset.id}}&utm_content={{ad.id}}&utm_id={{campaign.id}}&campaign_alias=meta_biocom_광고별칭&meta_campaign_id={{campaign.id}}&meta_adset_id={{adset.id}}&meta_ad_id={{ad.id}}&meta_site_source={{site_source_name}}&meta_placement={{placement}},meta,paid_social,{{campaign.id}},{{adset.id}},{{ad.id}},{{campaign.id}},meta_biocom_광고별칭,{{campaign.id}},{{adset.id}},{{ad.id}},utm_source=meta&utm_medium=paid_social&utm_campaign=120235591897270396&utm_term=120235591897230396&utm_content=120245328561040396&utm_id=120235591897270396&campaign_alias=meta_biocom_meta_biocom_igg_skin2_reel1_260507_사본&meta_campaign_id=120235591897270396&meta_adset_id=120235591897230396&meta_ad_id=120245328561040396,meta_biocom_meta_biocom_igg_skin2_reel1_260507_사본
,,,,,P0_동적값미치환_광고별칭템플릿,URL 파라미터에 {{campaign.id}} 또는 meta_biocom_광고별칭이 그대로 있음,URL 파라미터 위치 확인 후 숫자 ID 고정값 또는 정상 치환값으로 교체,0,0,0,meta_biocom_acid_260504,120244876670640396,meta_biocom_acid_image_muscle_260507,120245053918020396,meta_biocom_acid_musclestory1_260507,120245053918050396,ACTIVE,ACTIVE,biocom.kr/shop_view?idx=259 | www.instagram.com/p/DYMWDZLDGMk/,utm_source=meta&utm_medium=paid_social&utm_campaign={{campaign.id}}&utm_term={{adset.id}}&utm_content={{ad.id}}&utm_id={{campaign.id}}&campaign_alias=meta_biocom_광고별칭&meta_campaign_id={{campaign.id}}&meta_adset_id={{adset.id}}&meta_ad_id={{ad.id}}&meta_site_source={{site_source_name}}&meta_placement={{placement}},meta,paid_social,{{campaign.id}},{{adset.id}},{{ad.id}},{{campaign.id}},meta_biocom_광고별칭,{{campaign.id}},{{adset.id}},{{ad.id}},utm_source=meta&utm_medium=paid_social&utm_campaign=120244876670640396&utm_term=120245053918020396&utm_content=120245053918050396&utm_id=120244876670640396&campaign_alias=meta_biocom_meta_biocom_acid_musclestory1_260507&meta_campaign_id=120244876670640396&meta_adset_id=120245053918020396&meta_ad_id=120245053918050396,meta_biocom_meta_biocom_acid_musclestory1_260507
,,,,,P1_UTM누락,광고 소재/랜딩에서 UTM 또는 campaign_alias를 확인할 수 없음,URL 파라미터 또는 랜딩 URL에 Meta UTM/광고 ID/고유 별칭 추가,0,0,0,공동구매 인플루언서 파트너 광고 모음_3 (260323),120242626179290396,인플루언서 공동구매 파트너 광고,120242626179270396,[연뜰살뜰x음과검] mast검사 스토리1 - 사본,120242626208410396,ACTIVE,ACTIVE,www.instagram.com/p/DVKSd19jBkB/,,,,,,,,,,,,utm_source=meta&utm_medium=paid_social&utm_campaign=120242626179290396&utm_term=120242626179270396&utm_content=120242626208410396&utm_id=120242626179290396&campaign_alias=meta_biocom_연뜰살뜰x음과검_mast검사_스토리1_사본&meta_campaign_id=120242626179290396&meta_adset_id=120242626179270396&meta_ad_id=120242626208410396,meta_biocom_연뜰살뜰x음과검_mast검사_스토리1_사본
