report_date,campaign_id,campaign_name,adgroup_id,adgroup_name,ad_id,ad_name,currency,spend,impressions,destination_clicks,conversions,conversion_time_conversions,purchase_count,purchase_value,platform_roas,vta_purchase_count,cta_purchase_count,evta_purchase_count,vta_purchase_value,cta_purchase_value,evta_purchase_value,vta_purchase_roas,cta_purchase_roas,evta_purchase_roas,source_file,attribution_window_note
2026-03-20,1854347729644690,음과검 스마트+ 캠페인,1854348023698738,음과검 스마트+ 광고그룹,1854348012640609,광고 이름2026-01-15 11:28:27,KRW,600000.0,419425,1352,2,1,2,279300.0,0.4655,1,0,1,245000.0,0.0,0.0,0.408333,0.0,0.0,raw/20260319_20260417_daily_ad_report.csv,TikTok Ads Manager CSV export has no attribution-window column; project assumes TikTok default click 7d / view 1d.
2026-03-23,1854347729644690,음과검 스마트+ 캠페인,1854348023698738,음과검 스마트+ 광고그룹,1854348012640609,광고 이름2026-01-15 11:28:27,KRW,600000.0,354027,1381,5,7,5,5250000.0,8.75,0,5,0,0.0,5250000.0,0.0,0.0,8.75,0.0,raw/20260319_20260417_daily_ad_report.csv,TikTok Ads Manager CSV export has no attribution-window column; project assumes TikTok default click 7d / view 1d.
2026-03-21,1854347729644690,음과검 스마트+ 캠페인,1854348023698738,음과검 스마트+ 광고그룹,1854348012640609,광고 이름2026-01-15 11:28:27,KRW,595499.0,349378,1318,1,2,1,459000.0,0.770782,1,0,0,459000.0,0.0,0.0,0.770782,0.0,0.0,raw/20260319_20260417_daily_ad_report.csv,TikTok Ads Manager CSV export has no attribution-window column; project assumes TikTok default click 7d / view 1d.
2026-03-26,1854347729644690,음과검 스마트+ 캠페인,1854348023698738,음과검 스마트+ 광고그룹,1854348012640609,광고 이름2026-01-15 11:28:27,KRW,595480.0,171820,1579,8,8,8,4905980.0,8.238698,1,6,1,245000.0,4500000.0,0.0,0.411433,7.556929,0.0,raw/20260319_20260417_daily_ad_report.csv,TikTok Ads Manager CSV export has no attribution-window column; project assumes TikTok default click 7d / view 1d.
2026-03-24,1854347729644690,음과검 스마트+ 캠페인,1854348023698738,음과검 스마트+ 광고그룹,1854348012640609,광고 이름2026-01-15 11:28:27,KRW,595331.0,155011,788,7,6,7,26005400.0,43.682254,1,6,0,502200.0,25503200.0,0.0,0.843564,42.83869,0.0,raw/20260319_20260417_daily_ad_report.csv,TikTok Ads Manager CSV export has no attribution-window column; project assumes TikTok default click 7d / view 1d.
2026-03-22,1854347729644690,음과검 스마트+ 캠페인,1854348023698738,음과검 스마트+ 광고그룹,1854348012640609,광고 이름2026-01-15 11:28:27,KRW,486089.0,330022,1228,3,1,3,1803400.0,3.71002,1,2,0,58400.0,1745000.0,0.0,0.120143,3.589878,0.0,raw/20260319_20260417_daily_ad_report.csv,TikTok Ads Manager CSV export has no attribution-window column; project assumes TikTok default click 7d / view 1d.
2026-04-04,1854347729644690,음과검 스마트+ 캠페인,1854348023698738,음과검 스마트+ 광고그룹,1856879993833505,연뜰살뜰 종대사 음과검 할인 링크,KRW,481608.0,233705,23594,7,6,7,7594000.0,15.76801,0,7,0,0.0,7594000.0,0.0,0.0,15.76801,0.0,raw/20260319_20260417_daily_ad_report.csv,TikTok Ads Manager CSV export has no attribution-window column; project assumes TikTok default click 7d / view 1d.
2026-04-07,1854347729644690,음과검 스마트+ 캠페인,1854348023698738,음과검 스마트+ 광고그룹,1856879993833505,연뜰살뜰 종대사 음과검 할인 링크,KRW,480244.0,149588,12460,6,13,6,1069943.0,2.227915,1,4,1,0.0,824943.0,0.0,0.0,1.717758,0.0,raw/20260319_20260417_daily_ad_report.csv,TikTok Ads Manager CSV export has no attribution-window column; project assumes TikTok default click 7d / view 1d.
2026-03-31,1854347729644690,음과검 스마트+ 캠페인,1854348023698738,음과검 스마트+ 광고그룹,1856879993833505,연뜰살뜰 종대사 음과검 할인 링크,KRW,470014.0,147441,2701,11,4,11,5375470.0,11.43683,4,5,2,0.0,4848900.0,0.0,0.0,10.316501,0.0,raw/20260319_20260417_daily_ad_report.csv,TikTok Ads Manager CSV export has no attribution-window column; project assumes TikTok default click 7d / view 1d.
2026-04-14,1854347729644690,음과검 스마트+ 캠페인,1854348023698738,음과검 스마트+ 광고그룹,1856879993833505,연뜰살뜰 종대사 음과검 할인 링크,KRW,466108.0,166872,3129,0,1,0,0.0,0.0,0,0,0,0.0,0.0,0.0,0.0,0.0,0.0,raw/20260319_20260417_daily_ad_report.csv,TikTok Ads Manager CSV export has no attribution-window column; project assumes TikTok default click 7d / view 1d.
2026-04-13,1854347729644690,음과검 스마트+ 캠페인,1854348023698738,음과검 스마트+ 광고그룹,1856879993833505,연뜰살뜰 종대사 음과검 할인 링크,KRW,465265.0,211613,6817,2,3,2,479000.0,1.029521,0,2,0,0.0,479000.0,0.0,0.0,1.029521,0.0,raw/20260319_20260417_daily_ad_report.csv,TikTok Ads Manager CSV export has no attribution-window column; project assumes TikTok default click 7d / view 1d.
2026-04-12,1854347729644690,음과검 스마트+ 캠페인,1854348023698738,음과검 스마트+ 광고그룹,1856879993833505,연뜰살뜰 종대사 음과검 할인 링크,KRW,454272.0,224156,4352,1,2,1,268200.0,0.590395,1,0,0,268200.0,0.0,0.0,0.590395,0.0,0.0,raw/20260319_20260417_daily_ad_report.csv,TikTok Ads Manager CSV export has no attribution-window column; project assumes TikTok default click 7d / view 1d.
2026-04-10,1854347729644690,음과검 스마트+ 캠페인,1854348023698738,음과검 스마트+ 광고그룹,1856879993833505,연뜰살뜰 종대사 음과검 할인 링크,KRW,454263.0,185738,10125,1,3,1,243816.0,0.536729,1,0,0,243816.0,0.0,0.0,0.536729,0.0,0.0,raw/20260319_20260417_daily_ad_report.csv,TikTok Ads Manager CSV export has no attribution-window column; project assumes TikTok default click 7d / view 1d.
2026-04-02,1854347729644690,음과검 스마트+ 캠페인,1854348023698738,음과검 스마트+ 광고그룹,1856879993833505,연뜰살뜰 종대사 음과검 할인 링크,KRW,449843.0,237632,6277,8,10,8,7828022.0,17.401676,1,6,1,143022.0,7440000.0,0.0,0.317938,16.539104,0.0,raw/20260319_20260417_daily_ad_report.csv,TikTok Ads Manager CSV export has no attribution-window column; project assumes TikTok default click 7d / view 1d.
2026-04-08,1854347729644690,음과검 스마트+ 캠페인,1854348023698738,음과검 스마트+ 광고그룹,1856879993833505,연뜰살뜰 종대사 음과검 할인 링크,KRW,423195.0,155541,5702,5,6,5,1349700.0,3.18931,2,1,2,377500.0,459000.0,0.0,0.892024,1.084606,0.0,raw/20260319_20260417_daily_ad_report.csv,TikTok Ads Manager CSV export has no attribution-window column; project assumes TikTok default click 7d / view 1d.
2026-04-11,1854347729644690,음과검 스마트+ 캠페인,1854348023698738,음과검 스마트+ 광고그룹,1856879993833505,연뜰살뜰 종대사 음과검 할인 링크,KRW,420244.0,153066,12796,2,0,2,479000.0,1.139814,2,0,0,479000.0,0.0,0.0,1.139814,0.0,0.0,raw/20260319_20260417_daily_ad_report.csv,TikTok Ads Manager CSV export has no attribution-window column; project assumes TikTok default click 7d / view 1d.
2026-04-16,1854347729644690,음과검 스마트+ 캠페인,1854348023698738,음과검 스마트+ 광고그룹,1856879993833505,연뜰살뜰 종대사 음과검 할인 링크,KRW,406550.0,186230,4478,1,2,1,268200.0,0.659697,1,0,0,268200.0,0.0,0.0,0.659697,0.0,0.0,raw/20260319_20260417_daily_ad_report.csv,TikTok Ads Manager CSV export has no attribution-window column; project assumes TikTok default click 7d / view 1d.
2026-04-05,1854347729644690,음과검 스마트+ 캠페인,1854348023698738,음과검 스마트+ 광고그룹,1856879993833505,연뜰살뜰 종대사 음과검 할인 링크,KRW,392869.0,221596,21686,1,2,1,95654.0,0.243476,0,0,1,0.0,0.0,0.0,0.0,0.0,0.0,raw/20260319_20260417_daily_ad_report.csv,TikTok Ads Manager CSV export has no attribution-window column; project assumes TikTok default click 7d / view 1d.
2026-04-15,1854347729644690,음과검 스마트+ 캠페인,1854348023698738,음과검 스마트+ 광고그룹,1856879993833505,연뜰살뜰 종대사 음과검 할인 링크,KRW,391945.0,157621,6150,2,3,2,502200.0,1.281302,1,0,1,268200.0,0.0,0.0,0.68428,0.0,0.0,raw/20260319_20260417_daily_ad_report.csv,TikTok Ads Manager CSV export has no attribution-window column; project assumes TikTok default click 7d / view 1d.
2026-04-17,1854347729644690,음과검 스마트+ 캠페인,1854348023698738,음과검 스마트+ 광고그룹,1856879993833505,연뜰살뜰 종대사 음과검 할인 링크,KRW,370634.0,117663,2695,0,0,0,0.0,0.0,0,0,0,0.0,0.0,0.0,0.0,0.0,0.0,raw/20260319_20260417_daily_ad_report.csv,TikTok Ads Manager CSV export has no attribution-window column; project assumes TikTok default click 7d / view 1d.
2026-04-03,1854347729644690,음과검 스마트+ 캠페인,1854348023698738,음과검 스마트+ 광고그룹,1856879993833505,연뜰살뜰 종대사 음과검 할인 링크,KRW,360844.0,142412,5388,2,3,2,2878000.0,7.975746,0,2,0,0.0,2878000.0,0.0,0.0,7.975746,0.0,raw/20260319_20260417_daily_ad_report.csv,TikTok Ads Manager CSV export has no attribution-window column; project assumes TikTok default click 7d / view 1d.
2026-03-19,1854347729644690,음과검 스마트+ 캠페인,1854348023698738,음과검 스마트+ 광고그룹,1854348012640609,광고 이름2026-01-15 11:28:27,KRW,332721.0,155556,948,1,1,1,234000.0,0.703292,1,0,0,234000.0,0.0,0.0,0.703292,0.0,0.0,raw/20260319_20260417_daily_ad_report.csv,TikTok Ads Manager CSV export has no attribution-window column; project assumes TikTok default click 7d / view 1d.
2026-03-28,1854347729644690,음과검 스마트+ 캠페인,1854348023698738,음과검 스마트+ 광고그룹,1854348012640609,광고 이름2026-01-15 11:28:27,KRW,327532.0,111087,548,5,5,5,4506663.0,13.759459,1,4,0,6663.0,4500000.0,0.0,0.020343,13.739116,0.0,raw/20260319_20260417_daily_ad_report.csv,TikTok Ads Manager CSV export has no attribution-window column; project assumes TikTok default click 7d / view 1d.
2026-04-06,1854918885396689,종합대사기능 분석 스마트+캠페인,1854918914982210,종대사 스마트+ 광고그룹,1855718193842226,연뜰살뜰 종대사 공구,KRW,325607.0,179955,1679,4,1,4,762984.0,2.343267,0,3,1,0.0,702000.0,0.0,0.0,2.155973,0.0,raw/20260319_20260417_daily_ad_report.csv,TikTok Ads Manager CSV export has no attribution-window column; project assumes TikTok default click 7d / view 1d.
2026-03-30,1854347729644690,음과검 스마트+ 캠페인,1854348023698738,음과검 스마트+ 광고그룹,1854348012640609,광고 이름2026-01-15 11:28:27,KRW,321589.0,96195,897,5,5,5,11495000.0,35.744382,0,5,0,0.0,11495000.0,0.0,0.0,35.744382,0.0,raw/20260319_20260417_daily_ad_report.csv,TikTok Ads Manager CSV export has no attribution-window column; project assumes TikTok default click 7d / view 1d.
2026-04-14,1854918885396689,종합대사기능 분석 스마트+캠페인,1854918914982210,종대사 스마트+ 광고그룹,1855718193842226,연뜰살뜰 종대사 공구,KRW,318809.0,141228,2223,3,1,3,455623.0,1.429141,3,0,0,455623.0,0.0,0.0,1.429141,0.0,0.0,raw/20260319_20260417_daily_ad_report.csv,TikTok Ads Manager CSV export has no attribution-window column; project assumes TikTok default click 7d / view 1d.
2026-04-06,1854347729644690,음과검 스마트+ 캠페인,1854348023698738,음과검 스마트+ 광고그룹,1856879993833505,연뜰살뜰 종대사 음과검 할인 링크,KRW,310595.0,151929,11229,14,5,14,0.0,0.0,14,0,0,0.0,0.0,0.0,0.0,0.0,0.0,raw/20260319_20260417_daily_ad_report.csv,TikTok Ads Manager CSV export has no attribution-window column; project assumes TikTok default click 7d / view 1d.
2026-03-23,1854918885396689,종합대사기능 분석 스마트+캠페인,1854918914982210,종대사 스마트+ 광고그룹,1855718193842226,연뜰살뜰 종대사 공구,KRW,304935.0,120361,3509,4,4,4,560114.0,1.836831,2,1,1,234000.0,92114.0,0.0,0.767377,0.302077,0.0,raw/20260319_20260417_daily_ad_report.csv,TikTok Ads Manager CSV export has no attribution-window column; project assumes TikTok default click 7d / view 1d.
2026-03-25,1854347729644690,음과검 스마트+ 캠페인,1854348023698738,음과검 스마트+ 광고그룹,1854348012640609,광고 이름2026-01-15 11:28:27,KRW,294957.0,65044,460,5,5,5,7767614.0,26.334734,2,3,0,267614.0,7500000.0,0.0,0.907298,25.427435,0.0,raw/20260319_20260417_daily_ad_report.csv,TikTok Ads Manager CSV export has no attribution-window column; project assumes TikTok default click 7d / view 1d.
2026-03-30,1854347729644690,음과검 스마트+ 캠페인,1854348023698738,음과검 스마트+ 광고그룹,1856879993833505,연뜰살뜰 종대사 음과검 할인 링크,KRW,278411.0,92474,4004,5,4,5,24723000.0,88.800371,0,5,0,0.0,24723000.0,0.0,0.0,88.800371,0.0,raw/20260319_20260417_daily_ad_report.csv,TikTok Ads Manager CSV export has no attribution-window column; project assumes TikTok default click 7d / view 1d.
2026-04-07,1854918885396689,종합대사기능 분석 스마트+캠페인,1854918914982210,종대사 스마트+ 광고그룹,1855718193842226,연뜰살뜰 종대사 공구,KRW,275495.0,130068,1083,1,1,1,245000.0,0.889308,0,1,0,0.0,245000.0,0.0,0.0,0.889308,0.0,raw/20260319_20260417_daily_ad_report.csv,TikTok Ads Manager CSV export has no attribution-window column; project assumes TikTok default click 7d / view 1d.
2026-03-29,1854918885396689,종합대사기능 분석 스마트+캠페인,1854918914982210,종대사 스마트+ 광고그룹,1855718193842226,연뜰살뜰 종대사 공구,KRW,271446.0,137722,3153,2,1,2,1377300.0,5.073937,0,1,1,0.0,484500.0,0.0,0.0,1.784885,0.0,raw/20260319_20260417_daily_ad_report.csv,TikTok Ads Manager CSV export has no attribution-window column; project assumes TikTok default click 7d / view 1d.
2026-03-28,1854918885396689,종합대사기능 분석 스마트+캠페인,1854918914982210,종대사 스마트+ 광고그룹,1855718193842226,연뜰살뜰 종대사 공구,KRW,270467.0,188973,2032,2,1,2,930200.0,3.439237,0,1,1,0.0,471200.0,0.0,0.0,1.742172,0.0,raw/20260319_20260417_daily_ad_report.csv,TikTok Ads Manager CSV export has no attribution-window column; project assumes TikTok default click 7d / view 1d.
2026-04-08,1854918885396689,종합대사기능 분석 스마트+캠페인,1854918914982210,종대사 스마트+ 광고그룹,1855718193842226,연뜰살뜰 종대사 공구,KRW,270299.0,139808,327,0,3,0,0.0,0.0,0,0,0,0.0,0.0,0.0,0.0,0.0,0.0,raw/20260319_20260417_daily_ad_report.csv,TikTok Ads Manager CSV export has no attribution-window column; project assumes TikTok default click 7d / view 1d.
2026-04-09,1854347729644690,음과검 스마트+ 캠페인,1854348023698738,음과검 스마트+ 광고그룹,1856879993833505,연뜰살뜰 종대사 음과검 할인 링크,KRW,267943.0,90107,1377,1,0,1,495218.0,1.848221,0,1,0,0.0,495218.0,0.0,0.0,1.848221,0.0,raw/20260319_20260417_daily_ad_report.csv,TikTok Ads Manager CSV export has no attribution-window column; project assumes TikTok default click 7d / view 1d.
2026-03-25,1854918885396689,종합대사기능 분석 스마트+캠페인,1854918914982210,종대사 스마트+ 광고그룹,1855718193842226,연뜰살뜰 종대사 공구,KRW,266396.0,99191,4894,1,1,1,505000.0,1.895674,1,0,0,505000.0,0.0,0.0,1.895674,0.0,0.0,raw/20260319_20260417_daily_ad_report.csv,TikTok Ads Manager CSV export has no attribution-window column; project assumes TikTok default click 7d / view 1d.
2026-04-16,1854918885396689,종합대사기능 분석 스마트+캠페인,1854918914982210,종대사 스마트+ 광고그룹,1855718193842226,연뜰살뜰 종대사 공구,KRW,265934.0,132493,1577,1,2,1,34300.0,0.128979,0,0,1,0.0,0.0,0.0,0.0,0.0,0.0,raw/20260319_20260417_daily_ad_report.csv,TikTok Ads Manager CSV export has no attribution-window column; project assumes TikTok default click 7d / view 1d.
2026-03-27,1854918885396689,종합대사기능 분석 스마트+캠페인,1854918914982210,종대사 스마트+ 광고그룹,1855718193842226,연뜰살뜰 종대사 공구,KRW,263918.0,110894,4471,2,5,2,508200.0,1.925598,1,0,1,240000.0,0.0,0.0,0.909373,0.0,0.0,raw/20260319_20260417_daily_ad_report.csv,TikTok Ads Manager CSV export has no attribution-window column; project assumes TikTok default click 7d / view 1d.
2026-04-15,1854918885396689,종합대사기능 분석 스마트+캠페인,1854918914982210,종대사 스마트+ 광고그룹,1855718193842226,연뜰살뜰 종대사 공구,KRW,262753.0,120107,2249,1,2,1,159000.0,0.605131,0,0,1,0.0,0.0,0.0,0.0,0.0,0.0,raw/20260319_20260417_daily_ad_report.csv,TikTok Ads Manager CSV export has no attribution-window column; project assumes TikTok default click 7d / view 1d.
2026-03-21,1854918885396689,종합대사기능 분석 스마트+캠페인,1854918914982210,종대사 스마트+ 광고그룹,1855718193842226,연뜰살뜰 종대사 공구,KRW,259140.0,165045,3379,0,0,0,0.0,0.0,0,0,0,0.0,0.0,0.0,0.0,0.0,0.0,raw/20260319_20260417_daily_ad_report.csv,TikTok Ads Manager CSV export has no attribution-window column; project assumes TikTok default click 7d / view 1d.
2026-04-11,1854918885396689,종합대사기능 분석 스마트+캠페인,1854918914982210,종대사 스마트+ 광고그룹,1855718193842226,연뜰살뜰 종대사 공구,KRW,259051.0,129474,2021,0,0,0,0.0,0.0,0,0,0,0.0,0.0,0.0,0.0,0.0,0.0,raw/20260319_20260417_daily_ad_report.csv,TikTok Ads Manager CSV export has no attribution-window column; project assumes TikTok default click 7d / view 1d.
2026-04-09,1854918885396689,종합대사기능 분석 스마트+캠페인,1854918914982210,종대사 스마트+ 광고그룹,1855718193842226,연뜰살뜰 종대사 공구,KRW,258782.0,116857,658,2,2,2,490548.0,1.895603,2,0,0,490548.0,0.0,0.0,1.895603,0.0,0.0,raw/20260319_20260417_daily_ad_report.csv,TikTok Ads Manager CSV export has no attribution-window column; project assumes TikTok default click 7d / view 1d.
2026-03-30,1854918885396689,종합대사기능 분석 스마트+캠페인,1854918914982210,종대사 스마트+ 광고그룹,1855718193842226,연뜰살뜰 종대사 공구,KRW,256499.0,92948,2472,2,3,2,448420.0,1.748233,1,0,1,203420.0,0.0,0.0,0.793064,0.0,0.0,raw/20260319_20260417_daily_ad_report.csv,TikTok Ads Manager CSV export has no attribution-window column; project assumes TikTok default click 7d / view 1d.
2026-04-01,1854347729644690,음과검 스마트+ 캠페인,1854348023698738,음과검 스마트+ 광고그룹,1856879993833505,연뜰살뜰 종대사 음과검 할인 링크,KRW,252700.0,120304,2218,5,7,5,2239037.0,8.860455,2,2,1,690200.0,1546000.0,0.0,2.731302,6.117926,0.0,raw/20260319_20260417_daily_ad_report.csv,TikTok Ads Manager CSV export has no attribution-window column; project assumes TikTok default click 7d / view 1d.
2026-04-12,1854918885396689,종합대사기능 분석 스마트+캠페인,1854918914982210,종대사 스마트+ 광고그룹,1855718193842226,연뜰살뜰 종대사 공구,KRW,251135.0,127744,1740,1,1,1,245000.0,0.975571,1,0,0,245000.0,0.0,0.0,0.975571,0.0,0.0,raw/20260319_20260417_daily_ad_report.csv,TikTok Ads Manager CSV export has no attribution-window column; project assumes TikTok default click 7d / view 1d.
2026-04-10,1854918885396689,종합대사기능 분석 스마트+캠페인,1854918914982210,종대사 스마트+ 광고그룹,1855718193842226,연뜰살뜰 종대사 공구,KRW,250728.0,119466,1494,0,1,0,0.0,0.0,0,0,0,0.0,0.0,0.0,0.0,0.0,0.0,raw/20260319_20260417_daily_ad_report.csv,TikTok Ads Manager CSV export has no attribution-window column; project assumes TikTok default click 7d / view 1d.
2026-03-20,1854918885396689,종합대사기능 분석 스마트+캠페인,1854918914982210,종대사 스마트+ 광고그룹,1855718193842226,연뜰살뜰 종대사 공구,KRW,250335.0,68579,5323,2,1,2,287000.0,1.146464,0,2,0,0.0,287000.0,0.0,0.0,1.146464,0.0,raw/20260319_20260417_daily_ad_report.csv,TikTok Ads Manager CSV export has no attribution-window column; project assumes TikTok default click 7d / view 1d.
2026-03-22,1854918885396689,종합대사기능 분석 스마트+캠페인,1854918914982210,종대사 스마트+ 광고그룹,1855718193842226,연뜰살뜰 종대사 공구,KRW,248832.0,122511,4875,1,0,1,471200.0,1.893647,0,0,1,0.0,0.0,0.0,0.0,0.0,0.0,raw/20260319_20260417_daily_ad_report.csv,TikTok Ads Manager CSV export has no attribution-window column; project assumes TikTok default click 7d / view 1d.
2026-03-26,1854918885396689,종합대사기능 분석 스마트+캠페인,1854918914982210,종대사 스마트+ 광고그룹,1855718193842226,연뜰살뜰 종대사 공구,KRW,238402.0,112961,3448,3,1,3,1224710.0,5.137163,0,3,0,0.0,1224710.0,0.0,0.0,5.137163,0.0,raw/20260319_20260417_daily_ad_report.csv,TikTok Ads Manager CSV export has no attribution-window column; project assumes TikTok default click 7d / view 1d.
2026-03-29,1854347729644690,음과검 스마트+ 캠페인,1854348023698738,음과검 스마트+ 광고그룹,1854348012640609,광고 이름2026-01-15 11:28:27,KRW,223990.0,99670,612,2,2,2,1500000.0,6.696728,0,2,0,0.0,1500000.0,0.0,0.0,6.696728,0.0,raw/20260319_20260417_daily_ad_report.csv,TikTok Ads Manager CSV export has no attribution-window column; project assumes TikTok default click 7d / view 1d.
2026-03-19,1854918885396689,종합대사기능 분석 스마트+캠페인,1854918914982210,종대사 스마트+ 광고그룹,1855718193842226,연뜰살뜰 종대사 공구,KRW,222055.0,92820,5101,1,1,1,283000.0,1.274459,1,0,0,283000.0,0.0,0.0,1.274459,0.0,0.0,raw/20260319_20260417_daily_ad_report.csv,TikTok Ads Manager CSV export has no attribution-window column; project assumes TikTok default click 7d / view 1d.
2026-04-04,1854918885396689,종합대사기능 분석 스마트+캠페인,1854918914982210,종대사 스마트+ 광고그룹,1855718193842226,연뜰살뜰 종대사 공구,KRW,219814.0,111163,1238,0,1,0,0.0,0.0,0,0,0,0.0,0.0,0.0,0.0,0.0,0.0,raw/20260319_20260417_daily_ad_report.csv,TikTok Ads Manager CSV export has no attribution-window column; project assumes TikTok default click 7d / view 1d.
2026-04-17,1854918885396689,종합대사기능 분석 스마트+캠페인,1854918914982210,종대사 스마트+ 광고그룹,1855718193842226,연뜰살뜰 종대사 공구,KRW,211178.0,106930,1299,0,0,0,0.0,0.0,0,0,0,0.0,0.0,0.0,0.0,0.0,0.0,raw/20260319_20260417_daily_ad_report.csv,TikTok Ads Manager CSV export has no attribution-window column; project assumes TikTok default click 7d / view 1d.
2026-04-13,1854918885396689,종합대사기능 분석 스마트+캠페인,1854918914982210,종대사 스마트+ 광고그룹,1855718193842226,연뜰살뜰 종대사 공구,KRW,203967.0,109912,1346,1,1,1,394353.0,1.933416,1,0,0,394353.0,0.0,0.0,1.933416,0.0,0.0,raw/20260319_20260417_daily_ad_report.csv,TikTok Ads Manager CSV export has no attribution-window column; project assumes TikTok default click 7d / view 1d.
2026-03-31,1854918885396689,종합대사기능 분석 스마트+캠페인,1854918914982210,종대사 스마트+ 광고그룹,1855718193842226,연뜰살뜰 종대사 공구,KRW,193375.0,90439,1377,1,1,1,254570.0,1.316458,0,0,1,0.0,0.0,0.0,0.0,0.0,0.0,raw/20260319_20260417_daily_ad_report.csv,TikTok Ads Manager CSV export has no attribution-window column; project assumes TikTok default click 7d / view 1d.
2026-04-05,1854918885396689,종합대사기능 분석 스마트+캠페인,1854918914982210,종대사 스마트+ 광고그룹,1855718193842226,연뜰살뜰 종대사 공구,KRW,185382.0,112333,548,0,0,0,0.0,0.0,0,0,0,0.0,0.0,0.0,0.0,0.0,0.0,raw/20260319_20260417_daily_ad_report.csv,TikTok Ads Manager CSV export has no attribution-window column; project assumes TikTok default click 7d / view 1d.
2026-04-01,1854918885396689,종합대사기능 분석 스마트+캠페인,1854918914982210,종대사 스마트+ 광고그룹,1855718193842226,연뜰살뜰 종대사 공구,KRW,176631.0,80613,2079,2,2,2,267017.0,1.511722,1,0,1,3314.0,0.0,0.0,0.018762,0.0,0.0,raw/20260319_20260417_daily_ad_report.csv,TikTok Ads Manager CSV export has no attribution-window column; project assumes TikTok default click 7d / view 1d.
2026-03-24,1854918885396689,종합대사기능 분석 스마트+캠페인,1854918914982210,종대사 스마트+ 광고그룹,1855718193842226,연뜰살뜰 종대사 공구,KRW,164052.0,75142,1697,0,1,0,0.0,0.0,0,0,0,0.0,0.0,0.0,0.0,0.0,0.0,raw/20260319_20260417_daily_ad_report.csv,TikTok Ads Manager CSV export has no attribution-window column; project assumes TikTok default click 7d / view 1d.
2026-04-01,1854918885396689,종합대사기능 분석 스마트+캠페인,1854918914982210,종대사 스마트+ 광고그룹,1854918964879665,종합 대사기능 분석 광고,KRW,139024.0,21787,2929,6,5,6,3973000.0,28.5778,1,5,0,260000.0,3713000.0,0.0,1.870181,26.707619,0.0,raw/20260319_20260417_daily_ad_report.csv,TikTok Ads Manager CSV export has no attribution-window column; project assumes TikTok default click 7d / view 1d.
2026-04-02,1854347729644690,음과검 스마트+ 캠페인,1854348023698738,음과검 스마트+ 광고그룹,1854348012640609,광고 이름2026-01-15 11:28:27,KRW,131872.0,79424,269,4,4,4,3000000.0,22.749333,0,4,0,0.0,3000000.0,0.0,0.0,22.749333,0.0,raw/20260319_20260417_daily_ad_report.csv,TikTok Ads Manager CSV export has no attribution-window column; project assumes TikTok default click 7d / view 1d.
2026-04-02,1854918885396689,종합대사기능 분석 스마트+캠페인,1854918914982210,종대사 스마트+ 광고그룹,1855718193842226,연뜰살뜰 종대사 공구,KRW,129511.0,82730,1792,3,3,3,1614367.0,12.465096,0,2,1,0.0,1112000.0,0.0,0.0,8.586143,0.0,raw/20260319_20260417_daily_ad_report.csv,TikTok Ads Manager CSV export has no attribution-window column; project assumes TikTok default click 7d / view 1d.
2026-03-27,1854347729644690,음과검 스마트+ 캠페인,1854348023698738,음과검 스마트+ 광고그룹,1854348012640609,광고 이름2026-01-15 11:28:27,KRW,127660.0,38454,290,4,5,4,22745000.0,178.168573,0,3,1,0.0,22500000.0,0.0,0.0,176.249413,0.0,raw/20260319_20260417_daily_ad_report.csv,TikTok Ads Manager CSV export has no attribution-window column; project assumes TikTok default click 7d / view 1d.
2026-04-03,1854347729644690,음과검 스마트+ 캠페인,1854348023698738,음과검 스마트+ 광고그룹,1854348012640609,광고 이름2026-01-15 11:28:27,KRW,126097.0,37960,199,1,1,1,750000.0,5.947802,0,1,0,0.0,750000.0,0.0,0.0,5.947802,0.0,raw/20260319_20260417_daily_ad_report.csv,TikTok Ads Manager CSV export has no attribution-window column; project assumes TikTok default click 7d / view 1d.
2026-04-03,1854918885396689,종합대사기능 분석 스마트+캠페인,1854918914982210,종대사 스마트+ 광고그룹,1855718193842226,연뜰살뜰 종대사 공구,KRW,125311.0,62972,1620,3,3,3,1734000.0,13.837572,1,2,0,0.0,1734000.0,0.0,0.0,13.837572,0.0,raw/20260319_20260417_daily_ad_report.csv,TikTok Ads Manager CSV export has no attribution-window column; project assumes TikTok default click 7d / view 1d.
2026-04-09,1854347729644690,음과검 스마트+ 캠페인,1854348023698738,음과검 스마트+ 광고그룹,1854348012640609,광고 이름2026-01-15 11:28:27,KRW,123816.0,71232,269,0,0,0,0.0,0.0,0,0,0,0.0,0.0,0.0,0.0,0.0,0.0,raw/20260319_20260417_daily_ad_report.csv,TikTok Ads Manager CSV export has no attribution-window column; project assumes TikTok default click 7d / view 1d.
2026-03-27,1856156648605858,영양중금속분석 스마트+ 캠페인,1856156699384882,영양중금속분석 광고그룹,1856156158741666,영양중금속분석 스마트+ 광고,KRW,122783.0,40309,2572,0,1,0,0.0,0.0,0,0,0,0.0,0.0,0.0,0.0,0.0,0.0,raw/20260319_20260417_daily_ad_report.csv,TikTok Ads Manager CSV export has no attribution-window column; project assumes TikTok default click 7d / view 1d.
2026-03-30,1856156648605858,영양중금속분석 스마트+ 캠페인,1856156699384882,영양중금속분석 광고그룹,1856156158741666,영양중금속분석 스마트+ 광고,KRW,122552.0,24105,1851,0,2,0,0.0,0.0,0,0,0,0.0,0.0,0.0,0.0,0.0,0.0,raw/20260319_20260417_daily_ad_report.csv,TikTok Ads Manager CSV export has no attribution-window column; project assumes TikTok default click 7d / view 1d.
2026-04-04,1854347729644690,음과검 스마트+ 캠페인,1854348023698738,음과검 스마트+ 광고그룹,1854348012640609,광고 이름2026-01-15 11:28:27,KRW,118392.0,39958,212,0,1,0,0.0,0.0,0,0,0,0.0,0.0,0.0,0.0,0.0,0.0,raw/20260319_20260417_daily_ad_report.csv,TikTok Ads Manager CSV export has no attribution-window column; project assumes TikTok default click 7d / view 1d.
2026-04-08,1854347729644690,음과검 스마트+ 캠페인,1854348023698738,음과검 스마트+ 광고그룹,1854348012640609,광고 이름2026-01-15 11:28:27,KRW,117648.0,70666,376,0,0,0,0.0,0.0,0,0,0,0.0,0.0,0.0,0.0,0.0,0.0,raw/20260319_20260417_daily_ad_report.csv,TikTok Ads Manager CSV export has no attribution-window column; project assumes TikTok default click 7d / view 1d.
2026-04-10,1856156648605858,영양중금속분석 스마트+ 캠페인,1856156699384882,영양중금속분석 광고그룹,1856156158741666,영양중금속분석 스마트+ 광고,KRW,114786.0,25330,3085,1,0,1,245000.0,2.134407,0,1,0,0.0,245000.0,0.0,0.0,2.134407,0.0,raw/20260319_20260417_daily_ad_report.csv,TikTok Ads Manager CSV export has no attribution-window column; project assumes TikTok default click 7d / view 1d.
2026-04-07,1854347729644690,음과검 스마트+ 캠페인,1854348023698738,음과검 스마트+ 광고그룹,1854348012640609,광고 이름2026-01-15 11:28:27,KRW,113453.0,37076,193,1,1,1,750000.0,6.610667,0,1,0,0.0,750000.0,0.0,0.0,6.610667,0.0,raw/20260319_20260417_daily_ad_report.csv,TikTok Ads Manager CSV export has no attribution-window column; project assumes TikTok default click 7d / view 1d.
2026-04-03,1854918885396689,종합대사기능 분석 스마트+캠페인,1854918914982210,종대사 스마트+ 광고그룹,1854918964879665,종합 대사기능 분석 광고,KRW,113400.0,13083,1876,3,1,3,1326243.0,11.695265,0,3,0,0.0,1326243.0,0.0,0.0,11.695265,0.0,raw/20260319_20260417_daily_ad_report.csv,TikTok Ads Manager CSV export has no attribution-window column; project assumes TikTok default click 7d / view 1d.
2026-04-17,1854347729644690,음과검 스마트+ 캠페인,1854348023698738,음과검 스마트+ 광고그룹,1854348012640609,광고 이름2026-01-15 11:28:27,KRW,108722.0,62223,229,0,1,0,0.0,0.0,0,0,0,0.0,0.0,0.0,0.0,0.0,0.0,raw/20260319_20260417_daily_ad_report.csv,TikTok Ads Manager CSV export has no attribution-window column; project assumes TikTok default click 7d / view 1d.
2026-03-31,1856156648605858,영양중금속분석 스마트+ 캠페인,1856156699384882,영양중금속분석 광고그룹,1856156158741666,영양중금속분석 스마트+ 광고,KRW,105430.0,30085,1663,1,1,1,64385.0,0.61069,0,1,0,0.0,64385.0,0.0,0.0,0.61069,0.0,raw/20260319_20260417_daily_ad_report.csv,TikTok Ads Manager CSV export has no attribution-window column; project assumes TikTok default click 7d / view 1d.
2026-04-11,1856156648605858,영양중금속분석 스마트+ 캠페인,1856156699384882,영양중금속분석 광고그룹,1856156158741666,영양중금속분석 스마트+ 광고,KRW,105149.0,39654,3412,0,0,0,0.0,0.0,0,0,0,0.0,0.0,0.0,0.0,0.0,0.0,raw/20260319_20260417_daily_ad_report.csv,TikTok Ads Manager CSV export has no attribution-window column; project assumes TikTok default click 7d / view 1d.
2026-03-24,1856156648605858,영양중금속분석 스마트+ 캠페인,1856156699384882,영양중금속분석 광고그룹,1856156158741666,영양중금속분석 스마트+ 광고,KRW,103690.0,35558,2664,0,1,0,0.0,0.0,0,0,0,0.0,0.0,0.0,0.0,0.0,0.0,raw/20260319_20260417_daily_ad_report.csv,TikTok Ads Manager CSV export has no attribution-window column; project assumes TikTok default click 7d / view 1d.
2026-03-28,1856156648605858,영양중금속분석 스마트+ 캠페인,1856156699384882,영양중금속분석 광고그룹,1856156158741666,영양중금속분석 스마트+ 광고,KRW,103612.0,51562,1044,3,3,3,810000.0,7.817627,0,3,0,0.0,810000.0,0.0,0.0,7.817627,0.0,raw/20260319_20260417_daily_ad_report.csv,TikTok Ads Manager CSV export has no attribution-window column; project assumes TikTok default click 7d / view 1d.
2026-03-25,1856156648605858,영양중금속분석 스마트+ 캠페인,1856156699384882,영양중금속분석 광고그룹,1856156158741666,영양중금속분석 스마트+ 광고,KRW,102682.0,40941,1876,3,3,3,495000.0,4.820709,1,1,1,42000.0,208000.0,0.0,0.40903,2.025671,0.0,raw/20260319_20260417_daily_ad_report.csv,TikTok Ads Manager CSV export has no attribution-window column; project assumes TikTok default click 7d / view 1d.
2026-04-01,1856156648605858,영양중금속분석 스마트+ 캠페인,1856156699384882,영양중금속분석 광고그룹,1856156158741666,영양중금속분석 스마트+ 광고,KRW,101880.0,39279,720,2,1,2,663663.0,6.514164,0,0,2,0.0,0.0,0.0,0.0,0.0,0.0,raw/20260319_20260417_daily_ad_report.csv,TikTok Ads Manager CSV export has no attribution-window column; project assumes TikTok default click 7d / view 1d.
2026-03-19,1856156648605858,영양중금속분석 스마트+ 캠페인,1856156699384882,영양중금속분석 광고그룹,1856156158741666,영양중금속분석 스마트+ 광고,KRW,100510.0,22425,4233,1,1,1,239650.0,2.38434,0,1,0,0.0,239650.0,0.0,0.0,2.38434,0.0,raw/20260319_20260417_daily_ad_report.csv,TikTok Ads Manager CSV export has no attribution-window column; project assumes TikTok default click 7d / view 1d.
2026-04-06,1856156648605858,영양중금속분석 스마트+ 캠페인,1856156699384882,영양중금속분석 광고그룹,1856156158741666,영양중금속분석 스마트+ 광고,KRW,100235.0,43398,931,0,0,0,0.0,0.0,0,0,0,0.0,0.0,0.0,0.0,0.0,0.0,raw/20260319_20260417_daily_ad_report.csv,TikTok Ads Manager CSV export has no attribution-window column; project assumes TikTok default click 7d / view 1d.
2026-04-13,1856156648605858,영양중금속분석 스마트+ 캠페인,1856156699384882,영양중금속분석 광고그룹,1856156158741666,영양중금속분석 스마트+ 광고,KRW,100190.0,28798,3187,4,2,4,1015400.0,10.134744,2,1,1,513200.0,268200.0,0.0,5.122268,2.676914,0.0,raw/20260319_20260417_daily_ad_report.csv,TikTok Ads Manager CSV export has no attribution-window column; project assumes TikTok default click 7d / view 1d.
2026-04-08,1856156648605858,영양중금속분석 스마트+ 캠페인,1856156699384882,영양중금속분석 광고그룹,1856156158741666,영양중금속분석 스마트+ 광고,KRW,100149.0,30620,1434,5,4,5,1057000.0,10.554274,1,3,1,245000.0,578000.0,0.0,2.446355,5.771401,0.0,raw/20260319_20260417_daily_ad_report.csv,TikTok Ads Manager CSV export has no attribution-window column; project assumes TikTok default click 7d / view 1d.
2026-04-14,1856156648605858,영양중금속분석 스마트+ 캠페인,1856156699384882,영양중금속분석 광고그룹,1856156158741666,영양중금속분석 스마트+ 광고,KRW,100134.0,36852,3071,1,4,1,32747.0,0.327032,0,1,0,0.0,32747.0,0.0,0.0,0.327032,0.0,raw/20260319_20260417_daily_ad_report.csv,TikTok Ads Manager CSV export has no attribution-window column; project assumes TikTok default click 7d / view 1d.
2026-04-05,1856156648605858,영양중금속분석 스마트+ 캠페인,1856156699384882,영양중금속분석 광고그룹,1856156158741666,영양중금속분석 스마트+ 광고,KRW,100099.0,38982,1085,1,1,1,53000.0,0.529476,1,0,0,53000.0,0.0,0.0,0.529476,0.0,0.0,raw/20260319_20260417_daily_ad_report.csv,TikTok Ads Manager CSV export has no attribution-window column; project assumes TikTok default click 7d / view 1d.
2026-04-07,1856156648605858,영양중금속분석 스마트+ 캠페인,1856156699384882,영양중금속분석 광고그룹,1856156158741666,영양중금속분석 스마트+ 광고,KRW,100077.0,53412,1140,4,3,4,2427500.0,24.256323,0,2,2,0.0,1709000.0,0.0,0.0,17.076851,0.0,raw/20260319_20260417_daily_ad_report.csv,TikTok Ads Manager CSV export has no attribution-window column; project assumes TikTok default click 7d / view 1d.
2026-04-15,1856156648605858,영양중금속분석 스마트+ 캠페인,1856156699384882,영양중금속분석 광고그룹,1856156158741666,영양중금속분석 스마트+ 광고,KRW,100077.0,46514,2979,0,0,0,0.0,0.0,0,0,0,0.0,0.0,0.0,0.0,0.0,0.0,raw/20260319_20260417_daily_ad_report.csv,TikTok Ads Manager CSV export has no attribution-window column; project assumes TikTok default click 7d / view 1d.
2026-04-12,1856156648605858,영양중금속분석 스마트+ 캠페인,1856156699384882,영양중금속분석 광고그룹,1856156158741666,영양중금속분석 스마트+ 광고,KRW,100020.0,30969,3348,3,2,3,1004500.0,10.042991,0,2,1,0.0,969500.0,0.0,0.0,9.693061,0.0,raw/20260319_20260417_daily_ad_report.csv,TikTok Ads Manager CSV export has no attribution-window column; project assumes TikTok default click 7d / view 1d.
2026-04-17,1856156648605858,영양중금속분석 스마트+ 캠페인,1856156699384882,영양중금속분석 광고그룹,1856156158741666,영양중금속분석 스마트+ 광고,KRW,99983.0,33582,4520,0,1,0,0.0,0.0,0,0,0,0.0,0.0,0.0,0.0,0.0,0.0,raw/20260319_20260417_daily_ad_report.csv,TikTok Ads Manager CSV export has no attribution-window column; project assumes TikTok default click 7d / view 1d.
2026-04-16,1856156648605858,영양중금속분석 스마트+ 캠페인,1856156699384882,영양중금속분석 광고그룹,1856156158741666,영양중금속분석 스마트+ 광고,KRW,99951.0,47590,3338,2,2,2,247840.0,2.479615,0,0,2,0.0,0.0,0.0,0.0,0.0,0.0,raw/20260319_20260417_daily_ad_report.csv,TikTok Ads Manager CSV export has no attribution-window column; project assumes TikTok default click 7d / view 1d.
2026-03-20,1856156648605858,영양중금속분석 스마트+ 캠페인,1856156699384882,영양중금속분석 광고그룹,1856156158741666,영양중금속분석 스마트+ 광고,KRW,99563.0,39957,4693,0,3,0,0.0,0.0,0,0,0,0.0,0.0,0.0,0.0,0.0,0.0,raw/20260319_20260417_daily_ad_report.csv,TikTok Ads Manager CSV export has no attribution-window column; project assumes TikTok default click 7d / view 1d.
2026-04-02,1856156648605858,영양중금속분석 스마트+ 캠페인,1856156699384882,영양중금속분석 광고그룹,1856156158741666,영양중금속분석 스마트+ 광고,KRW,99551.0,25384,1654,0,1,0,0.0,0.0,0,0,0,0.0,0.0,0.0,0.0,0.0,0.0,raw/20260319_20260417_daily_ad_report.csv,TikTok Ads Manager CSV export has no attribution-window column; project assumes TikTok default click 7d / view 1d.
2026-04-03,1856156648605858,영양중금속분석 스마트+ 캠페인,1856156699384882,영양중금속분석 광고그룹,1856156158741666,영양중금속분석 스마트+ 광고,KRW,99487.0,40820,1048,2,2,2,2168000.0,21.791792,0,2,0,0.0,2168000.0,0.0,0.0,21.791792,0.0,raw/20260319_20260417_daily_ad_report.csv,TikTok Ads Manager CSV export has no attribution-window column; project assumes TikTok default click 7d / view 1d.
2026-03-21,1856156648605858,영양중금속분석 스마트+ 캠페인,1856156699384882,영양중금속분석 광고그룹,1856156158741666,영양중금속분석 스마트+ 광고,KRW,99169.0,51008,3294,1,1,1,245000.0,2.47053,0,1,0,0.0,245000.0,0.0,0.0,2.47053,0.0,raw/20260319_20260417_daily_ad_report.csv,TikTok Ads Manager CSV export has no attribution-window column; project assumes TikTok default click 7d / view 1d.
2026-04-04,1856156648605858,영양중금속분석 스마트+ 캠페인,1856156699384882,영양중금속분석 광고그룹,1856156158741666,영양중금속분석 스마트+ 광고,KRW,99009.0,49355,1505,0,0,0,0.0,0.0,0,0,0,0.0,0.0,0.0,0.0,0.0,0.0,raw/20260319_20260417_daily_ad_report.csv,TikTok Ads Manager CSV export has no attribution-window column; project assumes TikTok default click 7d / view 1d.
2026-04-02,1854918885396689,종합대사기능 분석 스마트+캠페인,1854918914982210,종대사 스마트+ 광고그룹,1854918964879665,종합 대사기능 분석 광고,KRW,98273.0,14446,1804,2,3,2,967560.0,9.845634,1,1,0,100560.0,867000.0,0.0,1.023272,8.822362,0.0,raw/20260319_20260417_daily_ad_report.csv,TikTok Ads Manager CSV export has no attribution-window column; project assumes TikTok default click 7d / view 1d.
2026-03-23,1856156648605858,영양중금속분석 스마트+ 캠페인,1856156699384882,영양중금속분석 광고그룹,1856156158741666,영양중금속분석 스마트+ 광고,KRW,98250.0,25335,2418,1,1,1,84920.0,0.864326,0,1,0,0.0,84920.0,0.0,0.0,0.864326,0.0,raw/20260319_20260417_daily_ad_report.csv,TikTok Ads Manager CSV export has no attribution-window column; project assumes TikTok default click 7d / view 1d.
2026-03-22,1856156648605858,영양중금속분석 스마트+ 캠페인,1856156699384882,영양중금속분석 광고그룹,1856156158741666,영양중금속분석 스마트+ 광고,KRW,95473.0,34648,3799,2,1,2,1939000.0,20.309407,0,2,0,0.0,1939000.0,0.0,0.0,20.309407,0.0,raw/20260319_20260417_daily_ad_report.csv,TikTok Ads Manager CSV export has no attribution-window column; project assumes TikTok default click 7d / view 1d.
2026-04-05,1854347729644690,음과검 스마트+ 캠페인,1854348023698738,음과검 스마트+ 광고그룹,1854348012640609,광고 이름2026-01-15 11:28:27,KRW,91270.0,94997,348,5,3,5,516784000.0,5662.145283,1,4,0,245000.0,516539000.0,0.0,2.684343,5659.46094,0.0,raw/20260319_20260417_daily_ad_report.csv,TikTok Ads Manager CSV export has no attribution-window column; project assumes TikTok default click 7d / view 1d.
2026-04-15,1854347729644690,음과검 스마트+ 캠페인,1854348023698738,음과검 스마트+ 광고그룹,1854348012640609,광고 이름2026-01-15 11:28:27,KRW,88814.0,65461,161,0,0,0,0.0,0.0,0,0,0,0.0,0.0,0.0,0.0,0.0,0.0,raw/20260319_20260417_daily_ad_report.csv,TikTok Ads Manager CSV export has no attribution-window column; project assumes TikTok default click 7d / view 1d.
2026-03-30,1858788275666081,건강기능식품 스마트+캠페인,1858788375333426,건강기능식품 광고그룹,1858789066898866,방탄젤리,KRW,88732.0,68911,1035,0,1,0,0.0,0.0,0,0,0,0.0,0.0,0.0,0.0,0.0,0.0,raw/20260319_20260417_daily_ad_report.csv,TikTok Ads Manager CSV export has no attribution-window column; project assumes TikTok default click 7d / view 1d.
2026-03-30,1854918885396689,종합대사기능 분석 스마트+캠페인,1854918914982210,종대사 스마트+ 광고그룹,1854918964879665,종합 대사기능 분석 광고,KRW,88501.0,17811,1885,2,2,2,6069000.0,68.575496,0,2,0,0.0,6069000.0,0.0,0.0,68.575496,0.0,raw/20260319_20260417_daily_ad_report.csv,TikTok Ads Manager CSV export has no attribution-window column; project assumes TikTok default click 7d / view 1d.
2026-04-05,1858788275666081,건강기능식품 스마트+캠페인,1858788375333426,건강기능식품 광고그룹,1858789066898866,방탄젤리,KRW,87805.0,56036,1112,0,0,0,0.0,0.0,0,0,0,0.0,0.0,0.0,0.0,0.0,0.0,raw/20260319_20260417_daily_ad_report.csv,TikTok Ads Manager CSV export has no attribution-window column; project assumes TikTok default click 7d / view 1d.
2026-03-28,1858788275666081,건강기능식품 스마트+캠페인,1858788375333426,건강기능식품 광고그룹,1858789066898866,방탄젤리,KRW,87275.0,90790,1045,6,5,6,2670000.0,30.592953,1,5,0,234000.0,2436000.0,0.0,2.68118,27.911773,0.0,raw/20260319_20260417_daily_ad_report.csv,TikTok Ads Manager CSV export has no attribution-window column; project assumes TikTok default click 7d / view 1d.
2026-03-31,1854347729644690,음과검 스마트+ 캠페인,1854348023698738,음과검 스마트+ 광고그룹,1854348012640609,광고 이름2026-01-15 11:28:27,KRW,86432.0,42532,277,3,3,3,78750000.0,911.120881,0,3,0,0.0,78750000.0,0.0,0.0,911.120881,0.0,raw/20260319_20260417_daily_ad_report.csv,TikTok Ads Manager CSV export has no attribution-window column; project assumes TikTok default click 7d / view 1d.
2026-04-10,1854347729644690,음과검 스마트+ 캠페인,1854348023698738,음과검 스마트+ 광고그룹,1854348012640609,광고 이름2026-01-15 11:28:27,KRW,85612.0,50141,110,1,1,1,260000.0,3.036957,1,0,0,260000.0,0.0,0.0,3.036957,0.0,0.0,raw/20260319_20260417_daily_ad_report.csv,TikTok Ads Manager CSV export has no attribution-window column; project assumes TikTok default click 7d / view 1d.
2026-03-31,1854918885396689,종합대사기능 분석 스마트+캠페인,1854918914982210,종대사 스마트+ 광고그룹,1854918964879665,종합 대사기능 분석 광고,KRW,85043.0,23948,1034,3,3,3,88434000.0,1039.873946,0,3,0,0.0,88434000.0,0.0,0.0,1039.873946,0.0,raw/20260319_20260417_daily_ad_report.csv,TikTok Ads Manager CSV export has no attribution-window column; project assumes TikTok default click 7d / view 1d.
2026-04-04,1858788275666081,건강기능식품 스마트+캠페인,1858788375333426,건강기능식품 광고그룹,1858789066898866,방탄젤리,KRW,82583.0,61945,877,1,1,1,485000.0,5.872879,0,1,0,0.0,485000.0,0.0,0.0,5.872879,0.0,raw/20260319_20260417_daily_ad_report.csv,TikTok Ads Manager CSV export has no attribution-window column; project assumes TikTok default click 7d / view 1d.
2026-03-22,1858788275666081,건강기능식품 스마트+캠페인,1858788375333426,건강기능식품 광고그룹,1858789066898866,방탄젤리,KRW,81291.0,47609,567,3,2,3,472915.0,5.817557,1,1,1,109000.0,81200.0,0.0,1.340862,0.998881,0.0,raw/20260319_20260417_daily_ad_report.csv,TikTok Ads Manager CSV export has no attribution-window column; project assumes TikTok default click 7d / view 1d.
2026-04-01,1858788275666081,건강기능식품 스마트+캠페인,1858788375333426,건강기능식품 광고그룹,1858789066898866,방탄젤리,KRW,81061.0,62494,495,13,4,13,963700.0,11.888578,9,4,0,314100.0,649600.0,0.0,3.87486,8.013718,0.0,raw/20260319_20260417_daily_ad_report.csv,TikTok Ads Manager CSV export has no attribution-window column; project assumes TikTok default click 7d / view 1d.
2026-04-02,1858788275666081,건강기능식품 스마트+캠페인,1858788375333426,건강기능식품 광고그룹,1858789066898866,방탄젤리,KRW,80987.0,75765,989,7,16,7,3004400.0,37.097312,0,7,0,0.0,3004400.0,0.0,0.0,37.097312,0.0,raw/20260319_20260417_daily_ad_report.csv,TikTok Ads Manager CSV export has no attribution-window column; project assumes TikTok default click 7d / view 1d.
2026-03-31,1858788275666081,건강기능식품 스마트+캠페인,1858788375333426,건강기능식품 광고그룹,1858789066898866,방탄젤리,KRW,80346.0,50750,698,1,1,1,81200.0,1.010629,0,1,0,0.0,81200.0,0.0,0.0,1.010629,0.0,raw/20260319_20260417_daily_ad_report.csv,TikTok Ads Manager CSV export has no attribution-window column; project assumes TikTok default click 7d / view 1d.
2026-04-09,1856156648605858,영양중금속분석 스마트+ 캠페인,1856156699384882,영양중금속분석 광고그룹,1856156158741666,영양중금속분석 스마트+ 광고,KRW,79424.0,15458,1420,0,2,0,0.0,0.0,0,0,0,0.0,0.0,0.0,0.0,0.0,0.0,raw/20260319_20260417_daily_ad_report.csv,TikTok Ads Manager CSV export has no attribution-window column; project assumes TikTok default click 7d / view 1d.
2026-04-06,1858788275666081,건강기능식품 스마트+캠페인,1858788375333426,건강기능식품 광고그룹,1858789066898866,방탄젤리,KRW,78559.0,36069,784,0,1,0,0.0,0.0,0,0,0,0.0,0.0,0.0,0.0,0.0,0.0,raw/20260319_20260417_daily_ad_report.csv,TikTok Ads Manager CSV export has no attribution-window column; project assumes TikTok default click 7d / view 1d.
2026-04-13,1858788275666081,건강기능식품 스마트+캠페인,1858788375333426,건강기능식품 광고그룹,1858789066898866,방탄젤리,KRW,76665.0,90758,999,0,0,0,0.0,0.0,0,0,0,0.0,0.0,0.0,0.0,0.0,0.0,raw/20260319_20260417_daily_ad_report.csv,TikTok Ads Manager CSV export has no attribution-window column; project assumes TikTok default click 7d / view 1d.
2026-04-17,1858788275666081,건강기능식품 스마트+캠페인,1858788375333426,건강기능식품 광고그룹,1858789066898866,방탄젤리,KRW,76074.0,30342,1611,0,0,0,0.0,0.0,0,0,0,0.0,0.0,0.0,0.0,0.0,0.0,raw/20260319_20260417_daily_ad_report.csv,TikTok Ads Manager CSV export has no attribution-window column; project assumes TikTok default click 7d / view 1d.
2026-03-23,1858788275666081,건강기능식품 스마트+캠페인,1858788375333426,건강기능식품 광고그룹,1858789066898866,방탄젤리,KRW,75322.0,75038,576,1,2,1,8120000.0,107.803829,0,1,0,0.0,8120000.0,0.0,0.0,107.803829,0.0,raw/20260319_20260417_daily_ad_report.csv,TikTok Ads Manager CSV export has no attribution-window column; project assumes TikTok default click 7d / view 1d.
2026-04-08,1858788275666081,건강기능식품 스마트+캠페인,1858788375333426,건강기능식품 광고그룹,1858789066898866,방탄젤리,KRW,75229.0,49931,917,2,2,2,364000.0,4.83856,2,0,0,364000.0,0.0,0.0,4.83856,0.0,0.0,raw/20260319_20260417_daily_ad_report.csv,TikTok Ads Manager CSV export has no attribution-window column; project assumes TikTok default click 7d / view 1d.
2026-04-03,1858788275666081,건강기능식품 스마트+캠페인,1858788375333426,건강기능식품 광고그룹,1858789066898866,방탄젤리,KRW,73902.0,78254,562,4,3,4,1459400.0,19.747774,1,3,0,485000.0,974400.0,0.0,6.562745,13.185029,0.0,raw/20260319_20260417_daily_ad_report.csv,TikTok Ads Manager CSV export has no attribution-window column; project assumes TikTok default click 7d / view 1d.
2026-04-16,1854347729644690,음과검 스마트+ 캠페인,1854348023698738,음과검 스마트+ 광고그룹,1854348012640609,광고 이름2026-01-15 11:28:27,KRW,73263.0,85877,218,1,0,1,268200.0,3.660784,1,0,0,268200.0,0.0,0.0,3.660784,0.0,0.0,raw/20260319_20260417_daily_ad_report.csv,TikTok Ads Manager CSV export has no attribution-window column; project assumes TikTok default click 7d / view 1d.
2026-03-29,1856156648605858,영양중금속분석 스마트+ 캠페인,1856156699384882,영양중금속분석 광고그룹,1856156158741666,영양중금속분석 스마트+ 광고,KRW,72091.0,47260,762,2,0,2,719000.0,9.973506,0,1,1,0.0,485000.0,0.0,0.0,6.727608,0.0,raw/20260319_20260417_daily_ad_report.csv,TikTok Ads Manager CSV export has no attribution-window column; project assumes TikTok default click 7d / view 1d.
2026-03-26,1856156648605858,영양중금속분석 스마트+ 캠페인,1856156699384882,영양중금속분석 광고그룹,1856156158741666,영양중금속분석 스마트+ 광고,KRW,72014.0,38990,1240,2,1,2,499910.0,6.941845,1,0,1,245000.0,0.0,0.0,3.402116,0.0,0.0,raw/20260319_20260417_daily_ad_report.csv,TikTok Ads Manager CSV export has no attribution-window column; project assumes TikTok default click 7d / view 1d.
2026-03-20,1858788275666081,건강기능식품 스마트+캠페인,1858788375333426,건강기능식품 광고그룹,1858789299762209,바이오 밸런스,KRW,71418.0,25314,1639,0,0,0,0.0,0.0,0,0,0,0.0,0.0,0.0,0.0,0.0,0.0,raw/20260319_20260417_daily_ad_report.csv,TikTok Ads Manager CSV export has no attribution-window column; project assumes TikTok default click 7d / view 1d.
2026-04-15,1858788275666081,건강기능식품 스마트+캠페인,1858788375333426,건강기능식품 광고그룹,1858789066898866,방탄젤리,KRW,69184.0,75776,1079,2,1,2,276150.0,3.99153,1,0,1,7950.0,0.0,0.0,0.114911,0.0,0.0,raw/20260319_20260417_daily_ad_report.csv,TikTok Ads Manager CSV export has no attribution-window column; project assumes TikTok default click 7d / view 1d.
2026-04-16,1858788275666081,건강기능식품 스마트+캠페인,1858788375333426,건강기능식품 광고그룹,1858789066898866,방탄젤리,KRW,68237.0,36492,1004,1,2,1,283000.0,4.14731,1,0,0,283000.0,0.0,0.0,4.14731,0.0,0.0,raw/20260319_20260417_daily_ad_report.csv,TikTok Ads Manager CSV export has no attribution-window column; project assumes TikTok default click 7d / view 1d.
2026-04-09,1858788275666081,건강기능식품 스마트+캠페인,1858788375333426,건강기능식품 광고그룹,1858789066898866,방탄젤리,KRW,67268.0,49137,1405,0,0,0,0.0,0.0,0,0,0,0.0,0.0,0.0,0.0,0.0,0.0,raw/20260319_20260417_daily_ad_report.csv,TikTok Ads Manager CSV export has no attribution-window column; project assumes TikTok default click 7d / view 1d.
2026-03-26,1858788275666081,건강기능식품 스마트+캠페인,1858788375333426,건강기능식품 광고그룹,1858789066898866,방탄젤리,KRW,67059.0,25217,755,0,0,0,0.0,0.0,0,0,0,0.0,0.0,0.0,0.0,0.0,0.0,raw/20260319_20260417_daily_ad_report.csv,TikTok Ads Manager CSV export has no attribution-window column; project assumes TikTok default click 7d / view 1d.
2026-03-27,1858788275666081,건강기능식품 스마트+캠페인,1858788375333426,건강기능식품 광고그룹,1858789066898866,방탄젤리,KRW,66284.0,26650,655,0,0,0,0.0,0.0,0,0,0,0.0,0.0,0.0,0.0,0.0,0.0,raw/20260319_20260417_daily_ad_report.csv,TikTok Ads Manager CSV export has no attribution-window column; project assumes TikTok default click 7d / view 1d.
2026-04-14,1858788275666081,건강기능식품 스마트+캠페인,1858788375333426,건강기능식품 광고그룹,1858789066898866,방탄젤리,KRW,64111.0,68725,730,2,2,2,494000.0,7.705386,0,0,2,0.0,0.0,0.0,0.0,0.0,0.0,raw/20260319_20260417_daily_ad_report.csv,TikTok Ads Manager CSV export has no attribution-window column; project assumes TikTok default click 7d / view 1d.
2026-03-24,1858788275666081,건강기능식품 스마트+캠페인,1858788375333426,건강기능식품 광고그룹,1858789066898866,방탄젤리,KRW,63611.0,45708,697,1,2,1,510000.0,8.017481,0,1,0,0.0,510000.0,0.0,0.0,8.017481,0.0,raw/20260319_20260417_daily_ad_report.csv,TikTok Ads Manager CSV export has no attribution-window column; project assumes TikTok default click 7d / view 1d.
2026-04-07,1858788275666081,건강기능식품 스마트+캠페인,1858788375333426,건강기능식품 광고그룹,1858789066898866,방탄젤리,KRW,63020.0,78814,743,1,0,1,240000.0,3.808315,0,1,0,0.0,240000.0,0.0,0.0,3.808315,0.0,raw/20260319_20260417_daily_ad_report.csv,TikTok Ads Manager CSV export has no attribution-window column; project assumes TikTok default click 7d / view 1d.
2026-03-29,1858788275666081,건강기능식품 스마트+캠페인,1858788375333426,건강기능식품 광고그룹,1858789066898866,방탄젤리,KRW,60061.0,23311,603,1,1,1,62120.0,1.034282,1,0,0,62120.0,0.0,0.0,1.034282,0.0,0.0,raw/20260319_20260417_daily_ad_report.csv,TikTok Ads Manager CSV export has no attribution-window column; project assumes TikTok default click 7d / view 1d.
2026-03-25,1858788275666081,건강기능식품 스마트+캠페인,1858788375333426,건강기능식품 광고그룹,1858789299762209,바이오 밸런스,KRW,59809.0,9497,2587,0,1,0,0.0,0.0,0,0,0,0.0,0.0,0.0,0.0,0.0,0.0,raw/20260319_20260417_daily_ad_report.csv,TikTok Ads Manager CSV export has no attribution-window column; project assumes TikTok default click 7d / view 1d.
2026-04-11,1854347729644690,음과검 스마트+ 캠페인,1854348023698738,음과검 스마트+ 광고그룹,1854348012640609,광고 이름2026-01-15 11:28:27,KRW,58914.0,49202,187,0,0,0,0.0,0.0,0,0,0,0.0,0.0,0.0,0.0,0.0,0.0,raw/20260319_20260417_daily_ad_report.csv,TikTok Ads Manager CSV export has no attribution-window column; project assumes TikTok default click 7d / view 1d.
2026-04-12,1858788275666081,건강기능식품 스마트+캠페인,1858788375333426,건강기능식품 광고그룹,1858789066898866,방탄젤리,KRW,57205.0,117786,1360,1,1,1,245000.0,4.282842,1,0,0,245000.0,0.0,0.0,4.282842,0.0,0.0,raw/20260319_20260417_daily_ad_report.csv,TikTok Ads Manager CSV export has no attribution-window column; project assumes TikTok default click 7d / view 1d.
2026-03-21,1858788275666081,건강기능식품 스마트+캠페인,1858788375333426,건강기능식품 광고그룹,1858789066898866,방탄젤리,KRW,56211.0,77684,940,2,1,2,290707.0,5.17171,1,1,0,245000.0,45707.0,0.0,4.358578,0.813133,0.0,raw/20260319_20260417_daily_ad_report.csv,TikTok Ads Manager CSV export has no attribution-window column; project assumes TikTok default click 7d / view 1d.
2026-04-10,1858788275666081,건강기능식품 스마트+캠페인,1858788375333426,건강기능식품 광고그룹,1858789299762209,바이오 밸런스,KRW,54431.0,26563,354,1,1,1,35000.0,0.643016,1,0,0,35000.0,0.0,0.0,0.643016,0.0,0.0,raw/20260319_20260417_daily_ad_report.csv,TikTok Ads Manager CSV export has no attribution-window column; project assumes TikTok default click 7d / view 1d.
2026-03-19,1854918885396689,종합대사기능 분석 스마트+캠페인,1854918914982210,종대사 스마트+ 광고그룹,1854918964879665,종합 대사기능 분석 광고,KRW,53983.0,21028,682,1,2,1,867000.0,16.060612,0,1,0,0.0,867000.0,0.0,0.0,16.060612,0.0,raw/20260319_20260417_daily_ad_report.csv,TikTok Ads Manager CSV export has no attribution-window column; project assumes TikTok default click 7d / view 1d.
2026-03-19,1858788275666081,건강기능식품 스마트+캠페인,1858788375333426,건강기능식품 광고그룹,1858789299762209,바이오 밸런스,KRW,53495.0,21569,1587,0,0,0,0.0,0.0,0,0,0,0.0,0.0,0.0,0.0,0.0,0.0,raw/20260319_20260417_daily_ad_report.csv,TikTok Ads Manager CSV export has no attribution-window column; project assumes TikTok default click 7d / view 1d.
2026-04-11,1858788275666081,건강기능식품 스마트+캠페인,1858788375333426,건강기능식품 광고그룹,1858789066898866,방탄젤리,KRW,50009.0,38021,1666,0,1,0,0.0,0.0,0,0,0,0.0,0.0,0.0,0.0,0.0,0.0,raw/20260319_20260417_daily_ad_report.csv,TikTok Ads Manager CSV export has no attribution-window column; project assumes TikTok default click 7d / view 1d.
2026-04-11,1858788275666081,건강기능식품 스마트+캠페인,1858788375333426,건강기능식품 광고그룹,1858789299762209,바이오 밸런스,KRW,49673.0,30066,618,0,1,0,0.0,0.0,0,0,0,0.0,0.0,0.0,0.0,0.0,0.0,raw/20260319_20260417_daily_ad_report.csv,TikTok Ads Manager CSV export has no attribution-window column; project assumes TikTok default click 7d / view 1d.
2026-03-19,1858788275666081,건강기능식품 스마트+캠페인,1858788375333426,건강기능식품 광고그룹,1858789066898866,방탄젤리,KRW,46035.0,47681,620,0,0,0,0.0,0.0,0,0,0,0.0,0.0,0.0,0.0,0.0,0.0,raw/20260319_20260417_daily_ad_report.csv,TikTok Ads Manager CSV export has no attribution-window column; project assumes TikTok default click 7d / view 1d.
2026-04-10,1858788275666081,건강기능식품 스마트+캠페인,1858788375333426,건강기능식품 광고그룹,1858789066898866,방탄젤리,KRW,45422.0,15399,1188,1,1,1,234000.0,5.151689,1,0,0,234000.0,0.0,0.0,5.151689,0.0,0.0,raw/20260319_20260417_daily_ad_report.csv,TikTok Ads Manager CSV export has no attribution-window column; project assumes TikTok default click 7d / view 1d.
2026-03-21,1858788275666081,건강기능식품 스마트+캠페인,1858788375333426,건강기능식품 광고그룹,1858789299762209,바이오 밸런스,KRW,43129.0,23345,1058,0,0,0,0.0,0.0,0,0,0,0.0,0.0,0.0,0.0,0.0,0.0,raw/20260319_20260417_daily_ad_report.csv,TikTok Ads Manager CSV export has no attribution-window column; project assumes TikTok default click 7d / view 1d.
2026-04-01,1854347729644690,음과검 스마트+ 캠페인,1854348023698738,음과검 스마트+ 광고그룹,1854348012640609,광고 이름2026-01-15 11:28:27,KRW,43069.0,23467,136,3,2,3,1971200.0,45.768418,0,3,0,0.0,1971200.0,0.0,0.0,45.768418,0.0,raw/20260319_20260417_daily_ad_report.csv,TikTok Ads Manager CSV export has no attribution-window column; project assumes TikTok default click 7d / view 1d.
2026-04-12,1858788275666081,건강기능식품 스마트+캠페인,1858788375333426,건강기능식품 광고그룹,1858789299762209,바이오 밸런스,KRW,42900.0,23666,404,0,0,0,0.0,0.0,0,0,0,0.0,0.0,0.0,0.0,0.0,0.0,raw/20260319_20260417_daily_ad_report.csv,TikTok Ads Manager CSV export has no attribution-window column; project assumes TikTok default click 7d / view 1d.
2026-03-25,1858788275666081,건강기능식품 스마트+캠페인,1858788375333426,건강기능식품 광고그룹,1858789066898866,방탄젤리,KRW,40430.0,12969,799,0,0,0,0.0,0.0,0,0,0,0.0,0.0,0.0,0.0,0.0,0.0,raw/20260319_20260417_daily_ad_report.csv,TikTok Ads Manager CSV export has no attribution-window column; project assumes TikTok default click 7d / view 1d.
2026-03-23,1854918885396689,종합대사기능 분석 스마트+캠페인,1854918914982210,종대사 스마트+ 광고그룹,1854918964879665,종합 대사기능 분석 광고,KRW,40065.0,19395,371,5,5,5,6069000.0,151.478847,0,5,0,0.0,6069000.0,0.0,0.0,151.478847,0.0,raw/20260319_20260417_daily_ad_report.csv,TikTok Ads Manager CSV export has no attribution-window column; project assumes TikTok default click 7d / view 1d.
2026-03-26,1854918885396689,종합대사기능 분석 스마트+캠페인,1854918914982210,종대사 스마트+ 광고그룹,1854918964879665,종합 대사기능 분석 광고,KRW,38006.0,17887,230,0,0,0,0.0,0.0,0,0,0,0.0,0.0,0.0,0.0,0.0,0.0,raw/20260319_20260417_daily_ad_report.csv,TikTok Ads Manager CSV export has no attribution-window column; project assumes TikTok default click 7d / view 1d.
2026-04-07,1858788275666081,건강기능식품 스마트+캠페인,1858788375333426,건강기능식품 광고그룹,1858789299762209,바이오 밸런스,KRW,37062.0,15206,270,2,2,2,936000.0,25.254978,0,2,0,0.0,936000.0,0.0,0.0,25.254978,0.0,raw/20260319_20260417_daily_ad_report.csv,TikTok Ads Manager CSV export has no attribution-window column; project assumes TikTok default click 7d / view 1d.
2026-03-24,1858788275666081,건강기능식품 스마트+캠페인,1858788375333426,건강기능식품 광고그룹,1858789299762209,바이오 밸런스,KRW,36693.0,11686,892,0,0,0,0.0,0.0,0,0,0,0.0,0.0,0.0,0.0,0.0,0.0,raw/20260319_20260417_daily_ad_report.csv,TikTok Ads Manager CSV export has no attribution-window column; project assumes TikTok default click 7d / view 1d.
2026-04-14,1858788275666081,건강기능식품 스마트+캠페인,1858788375333426,건강기능식품 광고그룹,1858789299762209,바이오 밸런스,KRW,35918.0,14874,369,0,1,0,0.0,0.0,0,0,0,0.0,0.0,0.0,0.0,0.0,0.0,raw/20260319_20260417_daily_ad_report.csv,TikTok Ads Manager CSV export has no attribution-window column; project assumes TikTok default click 7d / view 1d.
2026-03-25,1854918885396689,종합대사기능 분석 스마트+캠페인,1854918914982210,종대사 스마트+ 광고그룹,1854918964879665,종합 대사기능 분석 광고,KRW,33882.0,16242,961,0,1,0,0.0,0.0,0,0,0,0.0,0.0,0.0,0.0,0.0,0.0,raw/20260319_20260417_daily_ad_report.csv,TikTok Ads Manager CSV export has no attribution-window column; project assumes TikTok default click 7d / view 1d.
2026-03-27,1858788275666081,건강기능식품 스마트+캠페인,1858788375333426,건강기능식품 광고그룹,1858789299762209,바이오 밸런스,KRW,33600.0,7075,994,0,0,0,0.0,0.0,0,0,0,0.0,0.0,0.0,0.0,0.0,0.0,raw/20260319_20260417_daily_ad_report.csv,TikTok Ads Manager CSV export has no attribution-window column; project assumes TikTok default click 7d / view 1d.
2026-03-26,1858788275666081,건강기능식품 스마트+캠페인,1858788375333426,건강기능식품 광고그룹,1858789299762209,바이오 밸런스,KRW,32914.0,10240,892,0,0,0,0.0,0.0,0,0,0,0.0,0.0,0.0,0.0,0.0,0.0,raw/20260319_20260417_daily_ad_report.csv,TikTok Ads Manager CSV export has no attribution-window column; project assumes TikTok default click 7d / view 1d.
2026-04-09,1858788275666081,건강기능식품 스마트+캠페인,1858788375333426,건강기능식품 광고그룹,1858789299762209,바이오 밸런스,KRW,32709.0,9251,278,2,2,2,468000.0,14.307989,1,1,0,234000.0,234000.0,0.0,7.153994,7.153994,0.0,raw/20260319_20260417_daily_ad_report.csv,TikTok Ads Manager CSV export has no attribution-window column; project assumes TikTok default click 7d / view 1d.
2026-03-30,1858788275666081,건강기능식품 스마트+캠페인,1858788375333426,건강기능식품 광고그룹,1858789299762209,바이오 밸런스,KRW,32056.0,5542,783,0,0,0,0.0,0.0,0,0,0,0.0,0.0,0.0,0.0,0.0,0.0,raw/20260319_20260417_daily_ad_report.csv,TikTok Ads Manager CSV export has no attribution-window column; project assumes TikTok default click 7d / view 1d.
2026-04-16,1858788275666081,건강기능식품 스마트+캠페인,1858788375333426,건강기능식품 광고그룹,1858789299762209,바이오 밸런스,KRW,32013.0,17392,392,0,0,0,0.0,0.0,0,0,0,0.0,0.0,0.0,0.0,0.0,0.0,raw/20260319_20260417_daily_ad_report.csv,TikTok Ads Manager CSV export has no attribution-window column; project assumes TikTok default click 7d / view 1d.
2026-04-15,1858788275666081,건강기능식품 스마트+캠페인,1858788375333426,건강기능식품 광고그룹,1858789299762209,바이오 밸런스,KRW,30856.0,10495,432,0,0,0,0.0,0.0,0,0,0,0.0,0.0,0.0,0.0,0.0,0.0,raw/20260319_20260417_daily_ad_report.csv,TikTok Ads Manager CSV export has no attribution-window column; project assumes TikTok default click 7d / view 1d.
2026-04-04,1854918885396689,종합대사기능 분석 스마트+캠페인,1854918914982210,종대사 스마트+ 광고그룹,1854918964879665,종합 대사기능 분석 광고,KRW,29489.0,4197,513,0,0,0,0.0,0.0,0,0,0,0.0,0.0,0.0,0.0,0.0,0.0,raw/20260319_20260417_daily_ad_report.csv,TikTok Ads Manager CSV export has no attribution-window column; project assumes TikTok default click 7d / view 1d.
2026-03-20,1858788275666081,건강기능식품 스마트+캠페인,1858788375333426,건강기능식품 광고그룹,1858789066898866,방탄젤리,KRW,28529.0,38196,512,0,0,0,0.0,0.0,0,0,0,0.0,0.0,0.0,0.0,0.0,0.0,raw/20260319_20260417_daily_ad_report.csv,TikTok Ads Manager CSV export has no attribution-window column; project assumes TikTok default click 7d / view 1d.
2026-04-01,1858788275666081,건강기능식품 스마트+캠페인,1858788375333426,건강기능식품 광고그룹,1858789299762209,바이오 밸런스,KRW,27624.0,11955,247,1,0,1,112520.0,4.07327,1,0,0,112520.0,0.0,0.0,4.07327,0.0,0.0,raw/20260319_20260417_daily_ad_report.csv,TikTok Ads Manager CSV export has no attribution-window column; project assumes TikTok default click 7d / view 1d.
2026-03-22,1854918885396689,종합대사기능 분석 스마트+캠페인,1854918914982210,종대사 스마트+ 광고그룹,1854918964879665,종합 대사기능 분석 광고,KRW,26558.0,13015,244,1,1,1,867000.0,32.645531,0,1,0,0.0,867000.0,0.0,0.0,32.645531,0.0,raw/20260319_20260417_daily_ad_report.csv,TikTok Ads Manager CSV export has no attribution-window column; project assumes TikTok default click 7d / view 1d.
2026-04-12,1854347729644690,음과검 스마트+ 캠페인,1854348023698738,음과검 스마트+ 광고그룹,1854348012640609,광고 이름2026-01-15 11:28:27,KRW,26351.0,29355,120,1,1,1,712500.0,27.038822,1,0,0,712500.0,0.0,0.0,27.038822,0.0,0.0,raw/20260319_20260417_daily_ad_report.csv,TikTok Ads Manager CSV export has no attribution-window column; project assumes TikTok default click 7d / view 1d.
2026-03-20,1854918885396689,종합대사기능 분석 스마트+캠페인,1854918914982210,종대사 스마트+ 광고그룹,1854918964879665,종합 대사기능 분석 광고,KRW,26007.0,8034,443,3,2,3,664900.0,25.566194,0,1,2,0.0,533000.0,0.0,0.0,20.494482,0.0,raw/20260319_20260417_daily_ad_report.csv,TikTok Ads Manager CSV export has no attribution-window column; project assumes TikTok default click 7d / view 1d.
2026-04-12,1854918885396689,종합대사기능 분석 스마트+캠페인,1854918914982210,종대사 스마트+ 광고그룹,1854918964879665,종합 대사기능 분석 광고,KRW,25146.0,4313,760,2,2,2,495000.0,19.685039,0,2,0,0.0,495000.0,0.0,0.0,19.685039,0.0,raw/20260319_20260417_daily_ad_report.csv,TikTok Ads Manager CSV export has no attribution-window column; project assumes TikTok default click 7d / view 1d.
2026-04-10,1854918885396689,종합대사기능 분석 스마트+캠페인,1854918914982210,종대사 스마트+ 광고그룹,1854918964879665,종합 대사기능 분석 광고,KRW,24938.0,3819,745,0,0,0,0.0,0.0,0,0,0,0.0,0.0,0.0,0.0,0.0,0.0,raw/20260319_20260417_daily_ad_report.csv,TikTok Ads Manager CSV export has no attribution-window column; project assumes TikTok default click 7d / view 1d.
2026-03-23,1858788275666081,건강기능식품 스마트+캠페인,1858788375333426,건강기능식품 광고그룹,1858789299762209,바이오 밸런스,KRW,24872.0,15481,225,1,0,1,240000.0,9.649405,0,1,0,0.0,240000.0,0.0,0.0,9.649405,0.0,raw/20260319_20260417_daily_ad_report.csv,TikTok Ads Manager CSV export has no attribution-window column; project assumes TikTok default click 7d / view 1d.
2026-04-08,1858788275666081,건강기능식품 스마트+캠페인,1858788375333426,건강기능식품 광고그룹,1858789299762209,바이오 밸런스,KRW,24814.0,7539,148,1,0,1,106000.0,4.271782,1,0,0,106000.0,0.0,0.0,4.271782,0.0,0.0,raw/20260319_20260417_daily_ad_report.csv,TikTok Ads Manager CSV export has no attribution-window column; project assumes TikTok default click 7d / view 1d.
2026-04-17,1858788275666081,건강기능식품 스마트+캠페인,1858788375333426,건강기능식품 광고그룹,1858789299762209,바이오 밸런스,KRW,23786.0,10858,492,0,0,0,0.0,0.0,0,0,0,0.0,0.0,0.0,0.0,0.0,0.0,raw/20260319_20260417_daily_ad_report.csv,TikTok Ads Manager CSV export has no attribution-window column; project assumes TikTok default click 7d / view 1d.
2026-04-13,1858788275666081,건강기능식품 스마트+캠페인,1858788375333426,건강기능식품 광고그룹,1858789299762209,바이오 밸런스,KRW,23436.0,6773,298,1,0,1,245000.0,10.454002,0,1,0,0.0,245000.0,0.0,0.0,10.454002,0.0,raw/20260319_20260417_daily_ad_report.csv,TikTok Ads Manager CSV export has no attribution-window column; project assumes TikTok default click 7d / view 1d.
2026-04-02,1858788275666081,건강기능식품 스마트+캠페인,1858788375333426,건강기능식품 광고그룹,1858789299762209,바이오 밸런스,KRW,23025.0,8168,428,1,2,1,117000.0,5.081433,0,1,0,0.0,117000.0,0.0,0.0,5.081433,0.0,raw/20260319_20260417_daily_ad_report.csv,TikTok Ads Manager CSV export has no attribution-window column; project assumes TikTok default click 7d / view 1d.
2026-04-06,1858788275666081,건강기능식품 스마트+캠페인,1858788375333426,건강기능식품 광고그룹,1858789299762209,바이오 밸런스,KRW,21630.0,2782,239,0,0,0,0.0,0.0,0,0,0,0.0,0.0,0.0,0.0,0.0,0.0,raw/20260319_20260417_daily_ad_report.csv,TikTok Ads Manager CSV export has no attribution-window column; project assumes TikTok default click 7d / view 1d.
2026-03-31,1858788275666081,건강기능식품 스마트+캠페인,1858788375333426,건강기능식품 광고그룹,1858789299762209,바이오 밸런스,KRW,19995.0,3663,327,0,0,0,0.0,0.0,0,0,0,0.0,0.0,0.0,0.0,0.0,0.0,raw/20260319_20260417_daily_ad_report.csv,TikTok Ads Manager CSV export has no attribution-window column; project assumes TikTok default click 7d / view 1d.
2026-04-06,1854347729644690,음과검 스마트+ 캠페인,1854348023698738,음과검 스마트+ 광고그룹,1854348012640609,광고 이름2026-01-15 11:28:27,KRW,19934.0,27124,88,1,3,1,750000.0,37.62416,0,1,0,0.0,750000.0,0.0,0.0,37.62416,0.0,raw/20260319_20260417_daily_ad_report.csv,TikTok Ads Manager CSV export has no attribution-window column; project assumes TikTok default click 7d / view 1d.
2026-03-24,1854918885396689,종합대사기능 분석 스마트+캠페인,1854918914982210,종대사 스마트+ 광고그룹,1854918964879665,종합 대사기능 분석 광고,KRW,19715.0,12586,349,0,0,0,0.0,0.0,0,0,0,0.0,0.0,0.0,0.0,0.0,0.0,raw/20260319_20260417_daily_ad_report.csv,TikTok Ads Manager CSV export has no attribution-window column; project assumes TikTok default click 7d / view 1d.
2026-03-29,1858788275666081,건강기능식품 스마트+캠페인,1858788375333426,건강기능식품 광고그룹,1858789299762209,바이오 밸런스,KRW,19444.0,3712,377,0,0,0,0.0,0.0,0,0,0,0.0,0.0,0.0,0.0,0.0,0.0,raw/20260319_20260417_daily_ad_report.csv,TikTok Ads Manager CSV export has no attribution-window column; project assumes TikTok default click 7d / view 1d.
2026-04-06,1854918885396689,종합대사기능 분석 스마트+캠페인,1854918914982210,종대사 스마트+ 광고그룹,1854918964879665,종합 대사기능 분석 광고,KRW,19393.0,3594,145,0,0,0,0.0,0.0,0,0,0,0.0,0.0,0.0,0.0,0.0,0.0,raw/20260319_20260417_daily_ad_report.csv,TikTok Ads Manager CSV export has no attribution-window column; project assumes TikTok default click 7d / view 1d.
2026-04-04,1858788275666081,건강기능식품 스마트+캠페인,1858788375333426,건강기능식품 광고그룹,1858789299762209,바이오 밸런스,KRW,19263.0,2012,437,0,0,0,0.0,0.0,0,0,0,0.0,0.0,0.0,0.0,0.0,0.0,raw/20260319_20260417_daily_ad_report.csv,TikTok Ads Manager CSV export has no attribution-window column; project assumes TikTok default click 7d / view 1d.
2026-03-22,1858788275666081,건강기능식품 스마트+캠페인,1858788375333426,건강기능식품 광고그룹,1858789299762209,바이오 밸런스,KRW,18898.0,13544,265,0,0,0,0.0,0.0,0,0,0,0.0,0.0,0.0,0.0,0.0,0.0,raw/20260319_20260417_daily_ad_report.csv,TikTok Ads Manager CSV export has no attribution-window column; project assumes TikTok default click 7d / view 1d.
2026-04-09,1854918885396689,종합대사기능 분석 스마트+캠페인,1854918914982210,종대사 스마트+ 광고그룹,1854918964879665,종합 대사기능 분석 광고,KRW,17185.0,1387,239,0,2,0,0.0,0.0,0,0,0,0.0,0.0,0.0,0.0,0.0,0.0,raw/20260319_20260417_daily_ad_report.csv,TikTok Ads Manager CSV export has no attribution-window column; project assumes TikTok default click 7d / view 1d.
2026-04-11,1854918885396689,종합대사기능 분석 스마트+캠페인,1854918914982210,종대사 스마트+ 광고그룹,1854918964879665,종합 대사기능 분석 광고,KRW,15754.0,2793,414,0,0,0,0.0,0.0,0,0,0,0.0,0.0,0.0,0.0,0.0,0.0,raw/20260319_20260417_daily_ad_report.csv,TikTok Ads Manager CSV export has no attribution-window column; project assumes TikTok default click 7d / view 1d.
2026-04-13,1854918885396689,종합대사기능 분석 스마트+캠페인,1854918914982210,종대사 스마트+ 광고그룹,1854918964879665,종합 대사기능 분석 광고,KRW,15650.0,3163,532,0,0,0,0.0,0.0,0,0,0,0.0,0.0,0.0,0.0,0.0,0.0,raw/20260319_20260417_daily_ad_report.csv,TikTok Ads Manager CSV export has no attribution-window column; project assumes TikTok default click 7d / view 1d.
2026-04-14,1854347729644690,음과검 스마트+ 캠페인,1854348023698738,음과검 스마트+ 광고그룹,1854348012640609,광고 이름2026-01-15 11:28:27,KRW,15595.0,11795,55,0,0,0,0.0,0.0,0,0,0,0.0,0.0,0.0,0.0,0.0,0.0,raw/20260319_20260417_daily_ad_report.csv,TikTok Ads Manager CSV export has no attribution-window column; project assumes TikTok default click 7d / view 1d.
2026-04-13,1854347729644690,음과검 스마트+ 캠페인,1854348023698738,음과검 스마트+ 광고그룹,1854348012640609,광고 이름2026-01-15 11:28:27,KRW,15422.0,29186,112,0,0,0,0.0,0.0,0,0,0,0.0,0.0,0.0,0.0,0.0,0.0,raw/20260319_20260417_daily_ad_report.csv,TikTok Ads Manager CSV export has no attribution-window column; project assumes TikTok default click 7d / view 1d.
2026-03-21,1854918885396689,종합대사기능 분석 스마트+캠페인,1854918914982210,종대사 스마트+ 광고그룹,1854918964879665,종합 대사기능 분석 광고,KRW,14695.0,10124,170,0,0,0,0.0,0.0,0,0,0,0.0,0.0,0.0,0.0,0.0,0.0,raw/20260319_20260417_daily_ad_report.csv,TikTok Ads Manager CSV export has no attribution-window column; project assumes TikTok default click 7d / view 1d.
2026-04-14,1854918885396689,종합대사기능 분석 스마트+캠페인,1854918914982210,종대사 스마트+ 광고그룹,1854918964879665,종합 대사기능 분석 광고,KRW,14367.0,2816,451,0,0,0,0.0,0.0,0,0,0,0.0,0.0,0.0,0.0,0.0,0.0,raw/20260319_20260417_daily_ad_report.csv,TikTok Ads Manager CSV export has no attribution-window column; project assumes TikTok default click 7d / view 1d.
2026-04-15,1854918885396689,종합대사기능 분석 스마트+캠페인,1854918914982210,종대사 스마트+ 광고그룹,1854918964879665,종합 대사기능 분석 광고,KRW,13189.0,3115,632,0,0,0,0.0,0.0,0,0,0,0.0,0.0,0.0,0.0,0.0,0.0,raw/20260319_20260417_daily_ad_report.csv,TikTok Ads Manager CSV export has no attribution-window column; project assumes TikTok default click 7d / view 1d.
2026-04-05,1858788275666081,건강기능식품 스마트+캠페인,1858788375333426,건강기능식품 광고그룹,1858789299762209,바이오 밸런스,KRW,12369.0,3447,134,1,1,1,459000.0,37.108901,0,1,0,0.0,459000.0,0.0,0.0,37.108901,0.0,raw/20260319_20260417_daily_ad_report.csv,TikTok Ads Manager CSV export has no attribution-window column; project assumes TikTok default click 7d / view 1d.
2026-04-07,1854918885396689,종합대사기능 분석 스마트+캠페인,1854918914982210,종대사 스마트+ 광고그룹,1854918964879665,종합 대사기능 분석 광고,KRW,12239.0,1679,267,1,1,1,867000.0,70.839121,0,1,0,0.0,867000.0,0.0,0.0,70.839121,0.0,raw/20260319_20260417_daily_ad_report.csv,TikTok Ads Manager CSV export has no attribution-window column; project assumes TikTok default click 7d / view 1d.
2026-03-27,1854918885396689,종합대사기능 분석 스마트+캠페인,1854918914982210,종대사 스마트+ 광고그룹,1854918964879665,종합 대사기능 분석 광고,KRW,12023.0,4853,138,0,0,0,0.0,0.0,0,0,0,0.0,0.0,0.0,0.0,0.0,0.0,raw/20260319_20260417_daily_ad_report.csv,TikTok Ads Manager CSV export has no attribution-window column; project assumes TikTok default click 7d / view 1d.
2026-03-28,1858788275666081,건강기능식품 스마트+캠페인,1858788375333426,건강기능식품 광고그룹,1858789299762209,바이오 밸런스,KRW,11942.0,4765,186,0,0,0,0.0,0.0,0,0,0,0.0,0.0,0.0,0.0,0.0,0.0,raw/20260319_20260417_daily_ad_report.csv,TikTok Ads Manager CSV export has no attribution-window column; project assumes TikTok default click 7d / view 1d.
2026-04-03,1858788275666081,건강기능식품 스마트+캠페인,1858788375333426,건강기능식품 광고그룹,1858789299762209,바이오 밸런스,KRW,10921.0,6849,89,1,1,1,117000.0,10.713305,0,1,0,0.0,117000.0,0.0,0.0,10.713305,0.0,raw/20260319_20260417_daily_ad_report.csv,TikTok Ads Manager CSV export has no attribution-window column; project assumes TikTok default click 7d / view 1d.
2026-04-05,1854918885396689,종합대사기능 분석 스마트+캠페인,1854918914982210,종대사 스마트+ 광고그룹,1854918964879665,종합 대사기능 분석 광고,KRW,10581.0,923,48,0,0,0,0.0,0.0,0,0,0,0.0,0.0,0.0,0.0,0.0,0.0,raw/20260319_20260417_daily_ad_report.csv,TikTok Ads Manager CSV export has no attribution-window column; project assumes TikTok default click 7d / view 1d.
2026-04-16,1854918885396689,종합대사기능 분석 스마트+캠페인,1854918914982210,종대사 스마트+ 광고그룹,1854918964879665,종합 대사기능 분석 광고,KRW,10380.0,2314,376,1,1,1,240000.0,23.121387,0,1,0,0.0,240000.0,0.0,0.0,23.121387,0.0,raw/20260319_20260417_daily_ad_report.csv,TikTok Ads Manager CSV export has no attribution-window column; project assumes TikTok default click 7d / view 1d.
2026-04-17,1854918885396689,종합대사기능 분석 스마트+캠페인,1854918914982210,종대사 스마트+ 광고그룹,1854918964879665,종합 대사기능 분석 광고,KRW,8214.0,1744,272,0,0,0,0.0,0.0,0,0,0,0.0,0.0,0.0,0.0,0.0,0.0,raw/20260319_20260417_daily_ad_report.csv,TikTok Ads Manager CSV export has no attribution-window column; project assumes TikTok default click 7d / view 1d.
2026-04-08,1854918885396689,종합대사기능 분석 스마트+캠페인,1854918914982210,종대사 스마트+ 광고그룹,1854918964879665,종합 대사기능 분석 광고,KRW,6566.0,628,51,0,0,0,0.0,0.0,0,0,0,0.0,0.0,0.0,0.0,0.0,0.0,raw/20260319_20260417_daily_ad_report.csv,TikTok Ads Manager CSV export has no attribution-window column; project assumes TikTok default click 7d / view 1d.
2026-03-29,1854918885396689,종합대사기능 분석 스마트+캠페인,1854918914982210,종대사 스마트+ 광고그룹,1854918964879665,종합 대사기능 분석 광고,KRW,5683.0,3270,41,1,1,1,867000.0,152.560267,0,1,0,0.0,867000.0,0.0,0.0,152.560267,0.0,raw/20260319_20260417_daily_ad_report.csv,TikTok Ads Manager CSV export has no attribution-window column; project assumes TikTok default click 7d / view 1d.
2026-03-28,1854918885396689,종합대사기능 분석 스마트+캠페인,1854918914982210,종대사 스마트+ 광고그룹,1854918964879665,종합 대사기능 분석 광고,KRW,4749.0,4080,97,1,1,1,1734000.0,365.129501,0,1,0,0.0,1734000.0,0.0,0.0,365.129501,0.0,raw/20260319_20260417_daily_ad_report.csv,TikTok Ads Manager CSV export has no attribution-window column; project assumes TikTok default click 7d / view 1d.
2026-03-29,1856728035726529,호르몬 검사 캠페인,1856728084965490,호르몬 검사 광고 그룹,1856729446998145,260210_종합호르몬균형 분석 -1,KRW,0.0,0,0,0,0,0,0.0,0.0,0,0,0,0.0,0.0,0.0,0.0,0.0,0.0,raw/20260319_20260417_daily_ad_report.csv,TikTok Ads Manager CSV export has no attribution-window column; project assumes TikTok default click 7d / view 1d.
2026-03-31,1856728035726529,호르몬 검사 캠페인,1856728084965490,호르몬 검사 광고 그룹,1856729446998145,260210_종합호르몬균형 분석 -1,KRW,0.0,0,0,0,0,0,0.0,0.0,0,0,0,0.0,0.0,0.0,0.0,0.0,0.0,raw/20260319_20260417_daily_ad_report.csv,TikTok Ads Manager CSV export has no attribution-window column; project assumes TikTok default click 7d / view 1d.
2026-03-25,1856728035726529,호르몬 검사 캠페인,1856728084965490,호르몬 검사 광고 그룹,1856729446998145,260210_종합호르몬균형 분석 -1,KRW,0.0,0,0,0,0,0,0.0,0.0,0,0,0,0.0,0.0,0.0,0.0,0.0,0.0,raw/20260319_20260417_daily_ad_report.csv,TikTok Ads Manager CSV export has no attribution-window column; project assumes TikTok default click 7d / view 1d.
2026-04-11,1858788275666081,건강기능식품 스마트+캠페인,1858788375333426,건강기능식품 광고그룹,1858788379383969,리셋데이,KRW,0.0,0,0,0,0,0,0.0,0.0,0,0,0,0.0,0.0,0.0,0.0,0.0,0.0,raw/20260319_20260417_daily_ad_report.csv,TikTok Ads Manager CSV export has no attribution-window column; project assumes TikTok default click 7d / view 1d.
2026-03-24,1858788275666081,건강기능식품 스마트+캠페인,1858788375333426,건강기능식품 광고그룹,1858788379383969,리셋데이,KRW,0.0,0,0,0,0,0,0.0,0.0,0,0,0,0.0,0.0,0.0,0.0,0.0,0.0,raw/20260319_20260417_daily_ad_report.csv,TikTok Ads Manager CSV export has no attribution-window column; project assumes TikTok default click 7d / view 1d.
2026-03-21,1858788275666081,건강기능식품 스마트+캠페인,1858788375333426,건강기능식품 광고그룹,1858788379383969,리셋데이,KRW,0.0,0,0,0,0,0,0.0,0.0,0,0,0,0.0,0.0,0.0,0.0,0.0,0.0,raw/20260319_20260417_daily_ad_report.csv,TikTok Ads Manager CSV export has no attribution-window column; project assumes TikTok default click 7d / view 1d.
2026-04-04,1856728035726529,호르몬 검사 캠페인,1856728084965490,호르몬 검사 광고 그룹,1856728116870433,260210_스트레스 노화 분석 -1,KRW,0.0,0,0,0,0,0,0.0,0.0,0,0,0,0.0,0.0,0.0,0.0,0.0,0.0,raw/20260319_20260417_daily_ad_report.csv,TikTok Ads Manager CSV export has no attribution-window column; project assumes TikTok default click 7d / view 1d.
2026-04-04,1856728035726529,호르몬 검사 캠페인,1856728084965490,호르몬 검사 광고 그룹,1856729446998145,260210_종합호르몬균형 분석 -1,KRW,0.0,0,0,0,0,0,0.0,0.0,0,0,0,0.0,0.0,0.0,0.0,0.0,0.0,raw/20260319_20260417_daily_ad_report.csv,TikTok Ads Manager CSV export has no attribution-window column; project assumes TikTok default click 7d / view 1d.
2026-03-20,1856728035726529,호르몬 검사 캠페인,1856728084965490,호르몬 검사 광고 그룹,1856728116870433,260210_스트레스 노화 분석 -1,KRW,0.0,0,0,0,0,0,0.0,0.0,0,0,0,0.0,0.0,0.0,0.0,0.0,0.0,raw/20260319_20260417_daily_ad_report.csv,TikTok Ads Manager CSV export has no attribution-window column; project assumes TikTok default click 7d / view 1d.
2026-04-03,1858788275666081,건강기능식품 스마트+캠페인,1858788375333426,건강기능식품 광고그룹,1858788379383969,리셋데이,KRW,0.0,0,0,0,0,0,0.0,0.0,0,0,0,0.0,0.0,0.0,0.0,0.0,0.0,raw/20260319_20260417_daily_ad_report.csv,TikTok Ads Manager CSV export has no attribution-window column; project assumes TikTok default click 7d / view 1d.
2026-03-30,1856728035726529,호르몬 검사 캠페인,1856728084965490,호르몬 검사 광고 그룹,1856728116870433,260210_스트레스 노화 분석 -1,KRW,0.0,0,0,0,0,0,0.0,0.0,0,0,0,0.0,0.0,0.0,0.0,0.0,0.0,raw/20260319_20260417_daily_ad_report.csv,TikTok Ads Manager CSV export has no attribution-window column; project assumes TikTok default click 7d / view 1d.
2026-04-01,1856728035726529,호르몬 검사 캠페인,1856728084965490,호르몬 검사 광고 그룹,1856728116870433,260210_스트레스 노화 분석 -1,KRW,0.0,0,0,0,0,0,0.0,0.0,0,0,0,0.0,0.0,0.0,0.0,0.0,0.0,raw/20260319_20260417_daily_ad_report.csv,TikTok Ads Manager CSV export has no attribution-window column; project assumes TikTok default click 7d / view 1d.
2026-04-07,1858788275666081,건강기능식품 스마트+캠페인,1858788375333426,건강기능식품 광고그룹,1858788379383969,리셋데이,KRW,0.0,0,0,0,0,0,0.0,0.0,0,0,0,0.0,0.0,0.0,0.0,0.0,0.0,raw/20260319_20260417_daily_ad_report.csv,TikTok Ads Manager CSV export has no attribution-window column; project assumes TikTok default click 7d / view 1d.
2026-03-30,1856728035726529,호르몬 검사 캠페인,1856728084965490,호르몬 검사 광고 그룹,1856729446998145,260210_종합호르몬균형 분석 -1,KRW,0.0,0,0,0,0,0,0.0,0.0,0,0,0,0.0,0.0,0.0,0.0,0.0,0.0,raw/20260319_20260417_daily_ad_report.csv,TikTok Ads Manager CSV export has no attribution-window column; project assumes TikTok default click 7d / view 1d.
2026-03-26,1854347729644690,음과검 스마트+ 캠페인,1854348023698738,음과검 스마트+ 광고그룹,1856879993833505,연뜰살뜰 종대사 음과검 할인 링크,KRW,0.0,0,0,0,0,0,0.0,0.0,0,0,0,0.0,0.0,0.0,0.0,0.0,0.0,raw/20260319_20260417_daily_ad_report.csv,TikTok Ads Manager CSV export has no attribution-window column; project assumes TikTok default click 7d / view 1d.
2026-04-09,1858788275666081,건강기능식품 스마트+캠페인,1858788375333426,건강기능식품 광고그룹,1858788379383969,리셋데이,KRW,0.0,0,0,0,0,0,0.0,0.0,0,0,0,0.0,0.0,0.0,0.0,0.0,0.0,raw/20260319_20260417_daily_ad_report.csv,TikTok Ads Manager CSV export has no attribution-window column; project assumes TikTok default click 7d / view 1d.
2026-04-14,1856728035726529,호르몬 검사 캠페인,1856728084965490,호르몬 검사 광고 그룹,1856729446998145,260210_종합호르몬균형 분석 -1,KRW,0.0,0,0,0,0,0,0.0,0.0,0,0,0,0.0,0.0,0.0,0.0,0.0,0.0,raw/20260319_20260417_daily_ad_report.csv,TikTok Ads Manager CSV export has no attribution-window column; project assumes TikTok default click 7d / view 1d.
2026-04-16,1856728035726529,호르몬 검사 캠페인,1856728084965490,호르몬 검사 광고 그룹,1856728116870433,260210_스트레스 노화 분석 -1,KRW,0.0,0,0,0,0,0,0.0,0.0,0,0,0,0.0,0.0,0.0,0.0,0.0,0.0,raw/20260319_20260417_daily_ad_report.csv,TikTok Ads Manager CSV export has no attribution-window column; project assumes TikTok default click 7d / view 1d.
2026-04-05,1856728035726529,호르몬 검사 캠페인,1856728084965490,호르몬 검사 광고 그룹,1856729446998145,260210_종합호르몬균형 분석 -1,KRW,0.0,0,0,0,0,0,0.0,0.0,0,0,0,0.0,0.0,0.0,0.0,0.0,0.0,raw/20260319_20260417_daily_ad_report.csv,TikTok Ads Manager CSV export has no attribution-window column; project assumes TikTok default click 7d / view 1d.
2026-03-22,1854347729644690,음과검 스마트+ 캠페인,1854348023698738,음과검 스마트+ 광고그룹,1856879993833505,연뜰살뜰 종대사 음과검 할인 링크,KRW,0.0,0,0,0,0,0,0.0,0.0,0,0,0,0.0,0.0,0.0,0.0,0.0,0.0,raw/20260319_20260417_daily_ad_report.csv,TikTok Ads Manager CSV export has no attribution-window column; project assumes TikTok default click 7d / view 1d.
2026-04-16,1856728035726529,호르몬 검사 캠페인,1856728084965490,호르몬 검사 광고 그룹,1856729446998145,260210_종합호르몬균형 분석 -1,KRW,0.0,0,0,0,0,0,0.0,0.0,0,0,0,0.0,0.0,0.0,0.0,0.0,0.0,raw/20260319_20260417_daily_ad_report.csv,TikTok Ads Manager CSV export has no attribution-window column; project assumes TikTok default click 7d / view 1d.
2026-03-21,1856728035726529,호르몬 검사 캠페인,1856728084965490,호르몬 검사 광고 그룹,1856729446998145,260210_종합호르몬균형 분석 -1,KRW,0.0,0,0,0,0,0,0.0,0.0,0,0,0,0.0,0.0,0.0,0.0,0.0,0.0,raw/20260319_20260417_daily_ad_report.csv,TikTok Ads Manager CSV export has no attribution-window column; project assumes TikTok default click 7d / view 1d.
2026-03-21,1854347729644690,음과검 스마트+ 캠페인,1854348023698738,음과검 스마트+ 광고그룹,1856879993833505,연뜰살뜰 종대사 음과검 할인 링크,KRW,0.0,0,0,0,0,0,0.0,0.0,0,0,0,0.0,0.0,0.0,0.0,0.0,0.0,raw/20260319_20260417_daily_ad_report.csv,TikTok Ads Manager CSV export has no attribution-window column; project assumes TikTok default click 7d / view 1d.
2026-04-06,1858788275666081,건강기능식품 스마트+캠페인,1858788375333426,건강기능식품 광고그룹,1858788379383969,리셋데이,KRW,0.0,0,0,0,0,0,0.0,0.0,0,0,0,0.0,0.0,0.0,0.0,0.0,0.0,raw/20260319_20260417_daily_ad_report.csv,TikTok Ads Manager CSV export has no attribution-window column; project assumes TikTok default click 7d / view 1d.
2026-03-27,1858788275666081,건강기능식품 스마트+캠페인,1858788375333426,건강기능식품 광고그룹,1858788379383969,리셋데이,KRW,0.0,0,0,0,0,0,0.0,0.0,0,0,0,0.0,0.0,0.0,0.0,0.0,0.0,raw/20260319_20260417_daily_ad_report.csv,TikTok Ads Manager CSV export has no attribution-window column; project assumes TikTok default click 7d / view 1d.
2026-03-24,1856728035726529,호르몬 검사 캠페인,1856728084965490,호르몬 검사 광고 그룹,1856728116870433,260210_스트레스 노화 분석 -1,KRW,0.0,0,0,0,0,0,0.0,0.0,0,0,0,0.0,0.0,0.0,0.0,0.0,0.0,raw/20260319_20260417_daily_ad_report.csv,TikTok Ads Manager CSV export has no attribution-window column; project assumes TikTok default click 7d / view 1d.
2026-03-28,1854347729644690,음과검 스마트+ 캠페인,1854348023698738,음과검 스마트+ 광고그룹,1856879993833505,연뜰살뜰 종대사 음과검 할인 링크,KRW,0.0,0,0,0,0,0,0.0,0.0,0,0,0,0.0,0.0,0.0,0.0,0.0,0.0,raw/20260319_20260417_daily_ad_report.csv,TikTok Ads Manager CSV export has no attribution-window column; project assumes TikTok default click 7d / view 1d.
2026-03-28,1856728035726529,호르몬 검사 캠페인,1856728084965490,호르몬 검사 광고 그룹,1856728116870433,260210_스트레스 노화 분석 -1,KRW,0.0,0,0,0,0,0,0.0,0.0,0,0,0,0.0,0.0,0.0,0.0,0.0,0.0,raw/20260319_20260417_daily_ad_report.csv,TikTok Ads Manager CSV export has no attribution-window column; project assumes TikTok default click 7d / view 1d.
2026-04-03,1856728035726529,호르몬 검사 캠페인,1856728084965490,호르몬 검사 광고 그룹,1856729446998145,260210_종합호르몬균형 분석 -1,KRW,0.0,0,0,0,0,0,0.0,0.0,0,0,0,0.0,0.0,0.0,0.0,0.0,0.0,raw/20260319_20260417_daily_ad_report.csv,TikTok Ads Manager CSV export has no attribution-window column; project assumes TikTok default click 7d / view 1d.
2026-03-31,1858788275666081,건강기능식품 스마트+캠페인,1858788375333426,건강기능식품 광고그룹,1858788379383969,리셋데이,KRW,0.0,0,0,0,0,0,0.0,0.0,0,0,0,0.0,0.0,0.0,0.0,0.0,0.0,raw/20260319_20260417_daily_ad_report.csv,TikTok Ads Manager CSV export has no attribution-window column; project assumes TikTok default click 7d / view 1d.
2026-03-19,1854347729644690,음과검 스마트+ 캠페인,1854348023698738,음과검 스마트+ 광고그룹,1856879993833505,연뜰살뜰 종대사 음과검 할인 링크,KRW,0.0,0,0,0,0,0,0.0,0.0,0,0,0,0.0,0.0,0.0,0.0,0.0,0.0,raw/20260319_20260417_daily_ad_report.csv,TikTok Ads Manager CSV export has no attribution-window column; project assumes TikTok default click 7d / view 1d.
2026-03-19,1858788275666081,건강기능식품 스마트+캠페인,1858788375333426,건강기능식품 광고그룹,1858788379383969,리셋데이,KRW,0.0,0,0,0,0,0,0.0,0.0,0,0,0,0.0,0.0,0.0,0.0,0.0,0.0,raw/20260319_20260417_daily_ad_report.csv,TikTok Ads Manager CSV export has no attribution-window column; project assumes TikTok default click 7d / view 1d.
2026-03-25,1854347729644690,음과검 스마트+ 캠페인,1854348023698738,음과검 스마트+ 광고그룹,1856879993833505,연뜰살뜰 종대사 음과검 할인 링크,KRW,0.0,0,0,0,0,0,0.0,0.0,0,0,0,0.0,0.0,0.0,0.0,0.0,0.0,raw/20260319_20260417_daily_ad_report.csv,TikTok Ads Manager CSV export has no attribution-window column; project assumes TikTok default click 7d / view 1d.
2026-03-25,1858788275666081,건강기능식품 스마트+캠페인,1858788375333426,건강기능식품 광고그룹,1858788379383969,리셋데이,KRW,0.0,0,0,0,0,0,0.0,0.0,0,0,0,0.0,0.0,0.0,0.0,0.0,0.0,raw/20260319_20260417_daily_ad_report.csv,TikTok Ads Manager CSV export has no attribution-window column; project assumes TikTok default click 7d / view 1d.
2026-03-29,1854347729644690,음과검 스마트+ 캠페인,1854348023698738,음과검 스마트+ 광고그룹,1856879993833505,연뜰살뜰 종대사 음과검 할인 링크,KRW,0.0,0,0,0,0,0,0.0,0.0,0,0,0,0.0,0.0,0.0,0.0,0.0,0.0,raw/20260319_20260417_daily_ad_report.csv,TikTok Ads Manager CSV export has no attribution-window column; project assumes TikTok default click 7d / view 1d.
2026-03-29,1856728035726529,호르몬 검사 캠페인,1856728084965490,호르몬 검사 광고 그룹,1856728116870433,260210_스트레스 노화 분석 -1,KRW,0.0,0,0,0,0,0,0.0,0.0,0,0,0,0.0,0.0,0.0,0.0,0.0,0.0,raw/20260319_20260417_daily_ad_report.csv,TikTok Ads Manager CSV export has no attribution-window column; project assumes TikTok default click 7d / view 1d.
2026-04-12,1858788275666081,건강기능식품 스마트+캠페인,1858788375333426,건강기능식품 광고그룹,1858788379383969,리셋데이,KRW,0.0,0,0,0,0,0,0.0,0.0,0,0,0,0.0,0.0,0.0,0.0,0.0,0.0,raw/20260319_20260417_daily_ad_report.csv,TikTok Ads Manager CSV export has no attribution-window column; project assumes TikTok default click 7d / view 1d.
2026-04-09,1856728035726529,호르몬 검사 캠페인,1856728084965490,호르몬 검사 광고 그룹,1856728116870433,260210_스트레스 노화 분석 -1,KRW,0.0,0,0,0,0,0,0.0,0.0,0,0,0,0.0,0.0,0.0,0.0,0.0,0.0,raw/20260319_20260417_daily_ad_report.csv,TikTok Ads Manager CSV export has no attribution-window column; project assumes TikTok default click 7d / view 1d.
2026-04-13,1858788275666081,건강기능식품 스마트+캠페인,1858788375333426,건강기능식품 광고그룹,1858788379383969,리셋데이,KRW,0.0,0,0,0,0,0,0.0,0.0,0,0,0,0.0,0.0,0.0,0.0,0.0,0.0,raw/20260319_20260417_daily_ad_report.csv,TikTok Ads Manager CSV export has no attribution-window column; project assumes TikTok default click 7d / view 1d.
2026-04-08,1856728035726529,호르몬 검사 캠페인,1856728084965490,호르몬 검사 광고 그룹,1856729446998145,260210_종합호르몬균형 분석 -1,KRW,0.0,0,0,0,0,0,0.0,0.0,0,0,0,0.0,0.0,0.0,0.0,0.0,0.0,raw/20260319_20260417_daily_ad_report.csv,TikTok Ads Manager CSV export has no attribution-window column; project assumes TikTok default click 7d / view 1d.
2026-04-15,1856728035726529,호르몬 검사 캠페인,1856728084965490,호르몬 검사 광고 그룹,1856729446998145,260210_종합호르몬균형 분석 -1,KRW,0.0,0,0,0,0,0,0.0,0.0,0,0,0,0.0,0.0,0.0,0.0,0.0,0.0,raw/20260319_20260417_daily_ad_report.csv,TikTok Ads Manager CSV export has no attribution-window column; project assumes TikTok default click 7d / view 1d.
2026-03-24,1854347729644690,음과검 스마트+ 캠페인,1854348023698738,음과검 스마트+ 광고그룹,1856879993833505,연뜰살뜰 종대사 음과검 할인 링크,KRW,0.0,0,0,0,0,0,0.0,0.0,0,0,0,0.0,0.0,0.0,0.0,0.0,0.0,raw/20260319_20260417_daily_ad_report.csv,TikTok Ads Manager CSV export has no attribution-window column; project assumes TikTok default click 7d / view 1d.
2026-03-28,1858788275666081,건강기능식품 스마트+캠페인,1858788375333426,건강기능식품 광고그룹,1858788379383969,리셋데이,KRW,0.0,0,0,0,0,0,0.0,0.0,0,0,0,0.0,0.0,0.0,0.0,0.0,0.0,raw/20260319_20260417_daily_ad_report.csv,TikTok Ads Manager CSV export has no attribution-window column; project assumes TikTok default click 7d / view 1d.
2026-03-27,1856728035726529,호르몬 검사 캠페인,1856728084965490,호르몬 검사 광고 그룹,1856728116870433,260210_스트레스 노화 분석 -1,KRW,0.0,0,0,0,0,0,0.0,0.0,0,0,0,0.0,0.0,0.0,0.0,0.0,0.0,raw/20260319_20260417_daily_ad_report.csv,TikTok Ads Manager CSV export has no attribution-window column; project assumes TikTok default click 7d / view 1d.
2026-04-14,1858788275666081,건강기능식품 스마트+캠페인,1858788375333426,건강기능식품 광고그룹,1858788379383969,리셋데이,KRW,0.0,0,0,0,0,0,0.0,0.0,0,0,0,0.0,0.0,0.0,0.0,0.0,0.0,raw/20260319_20260417_daily_ad_report.csv,TikTok Ads Manager CSV export has no attribution-window column; project assumes TikTok default click 7d / view 1d.
2026-04-02,1858788275666081,건강기능식품 스마트+캠페인,1858788375333426,건강기능식품 광고그룹,1858788379383969,리셋데이,KRW,0.0,0,0,0,0,0,0.0,0.0,0,0,0,0.0,0.0,0.0,0.0,0.0,0.0,raw/20260319_20260417_daily_ad_report.csv,TikTok Ads Manager CSV export has no attribution-window column; project assumes TikTok default click 7d / view 1d.
2026-04-01,1856728035726529,호르몬 검사 캠페인,1856728084965490,호르몬 검사 광고 그룹,1856729446998145,260210_종합호르몬균형 분석 -1,KRW,0.0,0,0,0,0,0,0.0,0.0,0,0,0,0.0,0.0,0.0,0.0,0.0,0.0,raw/20260319_20260417_daily_ad_report.csv,TikTok Ads Manager CSV export has no attribution-window column; project assumes TikTok default click 7d / view 1d.
2026-03-19,1856728035726529,호르몬 검사 캠페인,1856728084965490,호르몬 검사 광고 그룹,1856728116870433,260210_스트레스 노화 분석 -1,KRW,0.0,0,0,0,0,0,0.0,0.0,0,0,0,0.0,0.0,0.0,0.0,0.0,0.0,raw/20260319_20260417_daily_ad_report.csv,TikTok Ads Manager CSV export has no attribution-window column; project assumes TikTok default click 7d / view 1d.
2026-04-07,1856728035726529,호르몬 검사 캠페인,1856728084965490,호르몬 검사 광고 그룹,1856729446998145,260210_종합호르몬균형 분석 -1,KRW,0.0,0,0,0,0,0,0.0,0.0,0,0,0,0.0,0.0,0.0,0.0,0.0,0.0,raw/20260319_20260417_daily_ad_report.csv,TikTok Ads Manager CSV export has no attribution-window column; project assumes TikTok default click 7d / view 1d.
2026-03-26,1858788275666081,건강기능식품 스마트+캠페인,1858788375333426,건강기능식품 광고그룹,1858788379383969,리셋데이,KRW,0.0,0,0,0,0,0,0.0,0.0,0,0,0,0.0,0.0,0.0,0.0,0.0,0.0,raw/20260319_20260417_daily_ad_report.csv,TikTok Ads Manager CSV export has no attribution-window column; project assumes TikTok default click 7d / view 1d.
2026-03-25,1856728035726529,호르몬 검사 캠페인,1856728084965490,호르몬 검사 광고 그룹,1856728116870433,260210_스트레스 노화 분석 -1,KRW,0.0,0,0,0,0,0,0.0,0.0,0,0,0,0.0,0.0,0.0,0.0,0.0,0.0,raw/20260319_20260417_daily_ad_report.csv,TikTok Ads Manager CSV export has no attribution-window column; project assumes TikTok default click 7d / view 1d.
2026-03-26,1856728035726529,호르몬 검사 캠페인,1856728084965490,호르몬 검사 광고 그룹,1856728116870433,260210_스트레스 노화 분석 -1,KRW,0.0,0,0,0,0,0,0.0,0.0,0,0,0,0.0,0.0,0.0,0.0,0.0,0.0,raw/20260319_20260417_daily_ad_report.csv,TikTok Ads Manager CSV export has no attribution-window column; project assumes TikTok default click 7d / view 1d.
2026-04-09,1856728035726529,호르몬 검사 캠페인,1856728084965490,호르몬 검사 광고 그룹,1856729446998145,260210_종합호르몬균형 분석 -1,KRW,0.0,0,0,0,0,0,0.0,0.0,0,0,0,0.0,0.0,0.0,0.0,0.0,0.0,raw/20260319_20260417_daily_ad_report.csv,TikTok Ads Manager CSV export has no attribution-window column; project assumes TikTok default click 7d / view 1d.
2026-04-10,1858788275666081,건강기능식품 스마트+캠페인,1858788375333426,건강기능식품 광고그룹,1858788379383969,리셋데이,KRW,0.0,0,0,0,0,0,0.0,0.0,0,0,0,0.0,0.0,0.0,0.0,0.0,0.0,raw/20260319_20260417_daily_ad_report.csv,TikTok Ads Manager CSV export has no attribution-window column; project assumes TikTok default click 7d / view 1d.
2026-03-29,1858788275666081,건강기능식품 스마트+캠페인,1858788375333426,건강기능식품 광고그룹,1858788379383969,리셋데이,KRW,0.0,0,0,0,0,0,0.0,0.0,0,0,0,0.0,0.0,0.0,0.0,0.0,0.0,raw/20260319_20260417_daily_ad_report.csv,TikTok Ads Manager CSV export has no attribution-window column; project assumes TikTok default click 7d / view 1d.
2026-03-30,1858788275666081,건강기능식품 스마트+캠페인,1858788375333426,건강기능식품 광고그룹,1858788379383969,리셋데이,KRW,0.0,0,0,0,0,0,0.0,0.0,0,0,0,0.0,0.0,0.0,0.0,0.0,0.0,raw/20260319_20260417_daily_ad_report.csv,TikTok Ads Manager CSV export has no attribution-window column; project assumes TikTok default click 7d / view 1d.
2026-04-04,1858788275666081,건강기능식품 스마트+캠페인,1858788375333426,건강기능식품 광고그룹,1858788379383969,리셋데이,KRW,0.0,0,0,0,0,0,0.0,0.0,0,0,0,0.0,0.0,0.0,0.0,0.0,0.0,raw/20260319_20260417_daily_ad_report.csv,TikTok Ads Manager CSV export has no attribution-window column; project assumes TikTok default click 7d / view 1d.
2026-04-15,1856728035726529,호르몬 검사 캠페인,1856728084965490,호르몬 검사 광고 그룹,1856728116870433,260210_스트레스 노화 분석 -1,KRW,0.0,0,0,0,0,0,0.0,0.0,0,0,0,0.0,0.0,0.0,0.0,0.0,0.0,raw/20260319_20260417_daily_ad_report.csv,TikTok Ads Manager CSV export has no attribution-window column; project assumes TikTok default click 7d / view 1d.
2026-03-23,1856728035726529,호르몬 검사 캠페인,1856728084965490,호르몬 검사 광고 그룹,1856728116870433,260210_스트레스 노화 분석 -1,KRW,0.0,0,0,0,0,0,0.0,0.0,0,0,0,0.0,0.0,0.0,0.0,0.0,0.0,raw/20260319_20260417_daily_ad_report.csv,TikTok Ads Manager CSV export has no attribution-window column; project assumes TikTok default click 7d / view 1d.
2026-03-22,1858788275666081,건강기능식품 스마트+캠페인,1858788375333426,건강기능식품 광고그룹,1858788379383969,리셋데이,KRW,0.0,0,0,0,0,0,0.0,0.0,0,0,0,0.0,0.0,0.0,0.0,0.0,0.0,raw/20260319_20260417_daily_ad_report.csv,TikTok Ads Manager CSV export has no attribution-window column; project assumes TikTok default click 7d / view 1d.
2026-04-10,1856728035726529,호르몬 검사 캠페인,1856728084965490,호르몬 검사 광고 그룹,1856728116870433,260210_스트레스 노화 분석 -1,KRW,0.0,0,0,0,0,0,0.0,0.0,0,0,0,0.0,0.0,0.0,0.0,0.0,0.0,raw/20260319_20260417_daily_ad_report.csv,TikTok Ads Manager CSV export has no attribution-window column; project assumes TikTok default click 7d / view 1d.
2026-04-11,1856728035726529,호르몬 검사 캠페인,1856728084965490,호르몬 검사 광고 그룹,1856729446998145,260210_종합호르몬균형 분석 -1,KRW,0.0,0,0,0,0,0,0.0,0.0,0,0,0,0.0,0.0,0.0,0.0,0.0,0.0,raw/20260319_20260417_daily_ad_report.csv,TikTok Ads Manager CSV export has no attribution-window column; project assumes TikTok default click 7d / view 1d.
2026-03-21,1856728035726529,호르몬 검사 캠페인,1856728084965490,호르몬 검사 광고 그룹,1856728116870433,260210_스트레스 노화 분석 -1,KRW,0.0,0,0,0,0,0,0.0,0.0,0,0,0,0.0,0.0,0.0,0.0,0.0,0.0,raw/20260319_20260417_daily_ad_report.csv,TikTok Ads Manager CSV export has no attribution-window column; project assumes TikTok default click 7d / view 1d.
2026-03-28,1856728035726529,호르몬 검사 캠페인,1856728084965490,호르몬 검사 광고 그룹,1856729446998145,260210_종합호르몬균형 분석 -1,KRW,0.0,0,0,0,0,0,0.0,0.0,0,0,0,0.0,0.0,0.0,0.0,0.0,0.0,raw/20260319_20260417_daily_ad_report.csv,TikTok Ads Manager CSV export has no attribution-window column; project assumes TikTok default click 7d / view 1d.
2026-03-27,1854347729644690,음과검 스마트+ 캠페인,1854348023698738,음과검 스마트+ 광고그룹,1856879993833505,연뜰살뜰 종대사 음과검 할인 링크,KRW,0.0,0,0,0,0,0,0.0,0.0,0,0,0,0.0,0.0,0.0,0.0,0.0,0.0,raw/20260319_20260417_daily_ad_report.csv,TikTok Ads Manager CSV export has no attribution-window column; project assumes TikTok default click 7d / view 1d.
2026-04-03,1856728035726529,호르몬 검사 캠페인,1856728084965490,호르몬 검사 광고 그룹,1856728116870433,260210_스트레스 노화 분석 -1,KRW,0.0,0,0,0,0,0,0.0,0.0,0,0,0,0.0,0.0,0.0,0.0,0.0,0.0,raw/20260319_20260417_daily_ad_report.csv,TikTok Ads Manager CSV export has no attribution-window column; project assumes TikTok default click 7d / view 1d.
2026-04-14,1856728035726529,호르몬 검사 캠페인,1856728084965490,호르몬 검사 광고 그룹,1856728116870433,260210_스트레스 노화 분석 -1,KRW,0.0,0,0,0,0,0,0.0,0.0,0,0,0,0.0,0.0,0.0,0.0,0.0,0.0,raw/20260319_20260417_daily_ad_report.csv,TikTok Ads Manager CSV export has no attribution-window column; project assumes TikTok default click 7d / view 1d.
2026-03-19,1856728035726529,호르몬 검사 캠페인,1856728084965490,호르몬 검사 광고 그룹,1856729446998145,260210_종합호르몬균형 분석 -1,KRW,0.0,0,0,0,0,0,0.0,0.0,0,0,0,0.0,0.0,0.0,0.0,0.0,0.0,raw/20260319_20260417_daily_ad_report.csv,TikTok Ads Manager CSV export has no attribution-window column; project assumes TikTok default click 7d / view 1d.
2026-04-08,1858788275666081,건강기능식품 스마트+캠페인,1858788375333426,건강기능식품 광고그룹,1858788379383969,리셋데이,KRW,0.0,0,0,0,0,0,0.0,0.0,0,0,0,0.0,0.0,0.0,0.0,0.0,0.0,raw/20260319_20260417_daily_ad_report.csv,TikTok Ads Manager CSV export has no attribution-window column; project assumes TikTok default click 7d / view 1d.
2026-03-26,1856728035726529,호르몬 검사 캠페인,1856728084965490,호르몬 검사 광고 그룹,1856729446998145,260210_종합호르몬균형 분석 -1,KRW,0.0,0,0,0,0,0,0.0,0.0,0,0,0,0.0,0.0,0.0,0.0,0.0,0.0,raw/20260319_20260417_daily_ad_report.csv,TikTok Ads Manager CSV export has no attribution-window column; project assumes TikTok default click 7d / view 1d.
2026-04-13,1856728035726529,호르몬 검사 캠페인,1856728084965490,호르몬 검사 광고 그룹,1856729446998145,260210_종합호르몬균형 분석 -1,KRW,0.0,0,0,0,0,0,0.0,0.0,0,0,0,0.0,0.0,0.0,0.0,0.0,0.0,raw/20260319_20260417_daily_ad_report.csv,TikTok Ads Manager CSV export has no attribution-window column; project assumes TikTok default click 7d / view 1d.
2026-03-24,1856728035726529,호르몬 검사 캠페인,1856728084965490,호르몬 검사 광고 그룹,1856729446998145,260210_종합호르몬균형 분석 -1,KRW,0.0,0,0,0,0,0,0.0,0.0,0,0,0,0.0,0.0,0.0,0.0,0.0,0.0,raw/20260319_20260417_daily_ad_report.csv,TikTok Ads Manager CSV export has no attribution-window column; project assumes TikTok default click 7d / view 1d.
2026-03-22,1856728035726529,호르몬 검사 캠페인,1856728084965490,호르몬 검사 광고 그룹,1856728116870433,260210_스트레스 노화 분석 -1,KRW,0.0,0,0,0,0,0,0.0,0.0,0,0,0,0.0,0.0,0.0,0.0,0.0,0.0,raw/20260319_20260417_daily_ad_report.csv,TikTok Ads Manager CSV export has no attribution-window column; project assumes TikTok default click 7d / view 1d.
2026-03-23,1856728035726529,호르몬 검사 캠페인,1856728084965490,호르몬 검사 광고 그룹,1856729446998145,260210_종합호르몬균형 분석 -1,KRW,0.0,0,0,0,0,0,0.0,0.0,0,0,0,0.0,0.0,0.0,0.0,0.0,0.0,raw/20260319_20260417_daily_ad_report.csv,TikTok Ads Manager CSV export has no attribution-window column; project assumes TikTok default click 7d / view 1d.
2026-03-22,1856728035726529,호르몬 검사 캠페인,1856728084965490,호르몬 검사 광고 그룹,1856729446998145,260210_종합호르몬균형 분석 -1,KRW,0.0,0,0,0,0,0,0.0,0.0,0,0,0,0.0,0.0,0.0,0.0,0.0,0.0,raw/20260319_20260417_daily_ad_report.csv,TikTok Ads Manager CSV export has no attribution-window column; project assumes TikTok default click 7d / view 1d.
2026-03-23,1854347729644690,음과검 스마트+ 캠페인,1854348023698738,음과검 스마트+ 광고그룹,1856879993833505,연뜰살뜰 종대사 음과검 할인 링크,KRW,0.0,0,0,0,0,0,0.0,0.0,0,0,0,0.0,0.0,0.0,0.0,0.0,0.0,raw/20260319_20260417_daily_ad_report.csv,TikTok Ads Manager CSV export has no attribution-window column; project assumes TikTok default click 7d / view 1d.
2026-03-23,1858788275666081,건강기능식품 스마트+캠페인,1858788375333426,건강기능식품 광고그룹,1858788379383969,리셋데이,KRW,0.0,0,0,0,0,0,0.0,0.0,0,0,0,0.0,0.0,0.0,0.0,0.0,0.0,raw/20260319_20260417_daily_ad_report.csv,TikTok Ads Manager CSV export has no attribution-window column; project assumes TikTok default click 7d / view 1d.
2026-03-27,1856728035726529,호르몬 검사 캠페인,1856728084965490,호르몬 검사 광고 그룹,1856729446998145,260210_종합호르몬균형 분석 -1,KRW,0.0,0,0,0,0,0,0.0,0.0,0,0,0,0.0,0.0,0.0,0.0,0.0,0.0,raw/20260319_20260417_daily_ad_report.csv,TikTok Ads Manager CSV export has no attribution-window column; project assumes TikTok default click 7d / view 1d.
2026-04-06,1856728035726529,호르몬 검사 캠페인,1856728084965490,호르몬 검사 광고 그룹,1856729446998145,260210_종합호르몬균형 분석 -1,KRW,0.0,0,0,0,0,0,0.0,0.0,0,0,0,0.0,0.0,0.0,0.0,0.0,0.0,raw/20260319_20260417_daily_ad_report.csv,TikTok Ads Manager CSV export has no attribution-window column; project assumes TikTok default click 7d / view 1d.
2026-04-06,1856728035726529,호르몬 검사 캠페인,1856728084965490,호르몬 검사 광고 그룹,1856728116870433,260210_스트레스 노화 분석 -1,KRW,0.0,0,0,0,0,0,0.0,0.0,0,0,0,0.0,0.0,0.0,0.0,0.0,0.0,raw/20260319_20260417_daily_ad_report.csv,TikTok Ads Manager CSV export has no attribution-window column; project assumes TikTok default click 7d / view 1d.
2026-03-20,1854347729644690,음과검 스마트+ 캠페인,1854348023698738,음과검 스마트+ 광고그룹,1856879993833505,연뜰살뜰 종대사 음과검 할인 링크,KRW,0.0,0,0,0,0,0,0.0,0.0,0,0,0,0.0,0.0,0.0,0.0,0.0,0.0,raw/20260319_20260417_daily_ad_report.csv,TikTok Ads Manager CSV export has no attribution-window column; project assumes TikTok default click 7d / view 1d.
2026-03-20,1856728035726529,호르몬 검사 캠페인,1856728084965490,호르몬 검사 광고 그룹,1856729446998145,260210_종합호르몬균형 분석 -1,KRW,0.0,0,0,0,0,0,0.0,0.0,0,0,0,0.0,0.0,0.0,0.0,0.0,0.0,raw/20260319_20260417_daily_ad_report.csv,TikTok Ads Manager CSV export has no attribution-window column; project assumes TikTok default click 7d / view 1d.
2026-03-20,1858788275666081,건강기능식품 스마트+캠페인,1858788375333426,건강기능식품 광고그룹,1858788379383969,리셋데이,KRW,0.0,0,0,0,0,0,0.0,0.0,0,0,0,0.0,0.0,0.0,0.0,0.0,0.0,raw/20260319_20260417_daily_ad_report.csv,TikTok Ads Manager CSV export has no attribution-window column; project assumes TikTok default click 7d / view 1d.
2026-04-05,1858788275666081,건강기능식품 스마트+캠페인,1858788375333426,건강기능식품 광고그룹,1858788379383969,리셋데이,KRW,0.0,0,0,0,0,0,0.0,0.0,0,0,0,0.0,0.0,0.0,0.0,0.0,0.0,raw/20260319_20260417_daily_ad_report.csv,TikTok Ads Manager CSV export has no attribution-window column; project assumes TikTok default click 7d / view 1d.
2026-04-01,1858788275666081,건강기능식품 스마트+캠페인,1858788375333426,건강기능식품 광고그룹,1858788379383969,리셋데이,KRW,0.0,0,0,0,0,0,0.0,0.0,0,0,0,0.0,0.0,0.0,0.0,0.0,0.0,raw/20260319_20260417_daily_ad_report.csv,TikTok Ads Manager CSV export has no attribution-window column; project assumes TikTok default click 7d / view 1d.
2026-04-10,1856728035726529,호르몬 검사 캠페인,1856728084965490,호르몬 검사 광고 그룹,1856729446998145,260210_종합호르몬균형 분석 -1,KRW,0.0,0,0,0,0,0,0.0,0.0,0,0,0,0.0,0.0,0.0,0.0,0.0,0.0,raw/20260319_20260417_daily_ad_report.csv,TikTok Ads Manager CSV export has no attribution-window column; project assumes TikTok default click 7d / view 1d.
